V1,V2,V3,V4,V5,V6,V7,V8,V9,V10,V11,V12,V13,V14,V15,V16,V17,V18,V19,V20,V21,V22,V23,V24,V25,V26,V27,V28,V29,V30,V31,V32,V33,V34,V35,V36,V37,V38,V39,V40,V41,V42,V43,V44,V45,V46,V47,V48,V49,V50,V51,V52,V53,V54,V55,V56,V57,V58,V59,V60,V61,V62,V63,V64,V65,V66,V67,V68,V69,V70,V71,V72,V73,V74,V75,V76,V77,V78,V79,V80,V81,V82,V83,V84,V85,V86,V87,V88,V89,V90,V91,V92,V93,V94,V95,V96,V97,V98,V99,V100,V101,V102,V103,V104,V105,V106,V107,V108,V109,V110,V111,V112,V113,V114,V115,V116,V117,V118,V119,V120,V121,V122,V123,V124,V125,V126,V127,V128,V129,V130,V131,V132,V133,V134,V135,V136,V137,V138,V139,V140,V141,V142,V143,V144,V145,V146,V147,V148,V149,V150,V151,V152,V153,V154,V155,V156,V157,V158,V159,V160,V161,V162,V163,V164,V165,V166,V167,V168,V169,V170,V171,V172,V173,V174,V175,V176,V177,V178,V179,V180,V181,V182,V183,V184,V185,V186,V187,V188,V189,V190,V191,V192,V193,V194,V195,V196,V197,V198,V199,V200,V201,V202,V203,V204,V205,V206,V207,V208,V209,V210,V211,V212,V213,V214,V215,V216,V217,V218,V219,V220,V221,V222,V223,V224,V225,V226,V227,V228,V229,V230,V231,V232,V233,V234,label
1.7797497,1.6388558,1.512006,1.3919518,1.277787,1.1704177,1.0666727,0.96700499,0.87141462,0.7789955,0.69065369,0.61091954,0.53752788,0.46730747,0.40071133,0.33955162,0.28473439,0.23580662,0.19367437,0.15607247,0.12209485,0.08992937,0.060935134,0.039642492,0.026051445,0.012913432,-0.0024897561,-0.016080804,-0.020611153,-0.010644385,0.016537711,0.066371553,0.14927695,0.27657976,0.47047871,0.78443192,1.2814112,1.8766991,2.0964211,1.5908341,0.88228746,0.39346277,0.14384053,0.041907667,0.027863584,0.078150462,0.17963029,0.30874524,0.40252347,0.36945192,0.19911079,-0.0056610006,-0.15969288,-0.25437718,-0.30647619,-0.33501739,-0.35313879,-0.36944805,-0.38621034,-0.40342567,-0.4220001,-0.44510488,-0.47047484,-0.49312659,-0.50898281,-0.51849654,-0.52529207,-0.53389973,-0.54703774,-0.56153486,-0.57150163,-0.57693805,-0.58056233,-0.58237447,-0.58373357,-0.58373357,-0.5814684,-0.57739108,-0.57014252,-0.56289396,-0.55564541,-0.54930292,-0.5438665,-0.53843008,-0.53299366,-0.52755724,-0.52076172,-0.51441923,-0.50943584,-0.50490549,-0.49992211,-0.49403266,-0.48497196,-0.47138091,-0.45416558,-0.43196687,-0.40523781,-0.38485124,-0.38394517,-0.39980139,-0.41656368,-0.42788956,-0.43287294,-0.43196687,-0.42698349,-0.41837582,-0.40659691,-0.39300587,-0.38122696,-0.37216626,-0.36446467,-0.35902825,-0.35857521,-0.36446467,-0.37896178,-0.39708318,-0.41384547,-0.42834259,-0.43921543,-0.44374578,-0.44238667,-0.43423204,-0.41067423,-0.35993432,-0.30285191,-0.26615609,-0.24758165,-0.25483021,-0.2715925,-0.28020017,-0.27476375,-0.26162574,-0.24667558,-0.23534971,-0.22946026,-0.23625578,-0.25029986,-0.27113947,-0.29968067,-0.32776884,-0.35404486,-0.35766914,-0.33411133,-0.29152604,-0.27204554,-0.33184615,-0.40025442,-0.45597772,-0.48950231,-0.50717067,-0.51306012,-0.50807674,-0.50898281,-0.52212082,-0.54114829,-0.54930292,-0.54975595,-0.54069525,-0.52982241,-0.51713744,-0.498563,-0.48044161,-0.46277325,-0.44374578,-0.41973493,-0.38938159,-0.35540397,-0.3182551,-0.28608962,-0.24486344,-0.1936705,-0.13205775,-0.060478227,-0.0024897561,0.08630509,0.17056959,0.28699956,0.39935223,0.52756111,0.67072015,0.83109452,1.0104963,1.2143621,1.433631,1.6773638,1.9147541,2.1544095,2.4149046,2.6251128,2.848006,2.9793862,3.041905,3.1053299,3.0894736,2.9417843,2.795907,2.613787,2.5127602,2.3107066,2.0923438,1.8545004,1.6085025,1.3702061,1.1391583,0.85012198,0.64217895,0.44329662,0.21677915,-0.01019135,-0.18732801,-0.35948128,-0.50445246,-0.66029647,-0.8084389,-0.91263693,-1.0186471,-1.1142375,-1.2238719,-1.3040591,-1.3856054,-1.4517485,-1.5219689,-1.575427,-1.6243548,-1.6705644,-1.7104314,-1.7457682,-1.7833701,-1.8110052,-1.8377343,-1.8612921,-1.8807726,-1.9016122,-1.9192805,0
1.6782115,1.5445615,1.4252153,1.3125739,1.2070843,1.1060646,1.0086209,0.91654098,0.82714303,0.73863907,0.65549898,0.5804047,0.51156828,0.44407283,0.38194126,0.32472658,0.27287577,0.2281768,0.18839471,0.15308252,0.12179324,0.092291918,0.065472534,0.047145955,0.035077232,0.023455499,0.010045808,-0.0020229151,-0.0047048534,0.0064698898,0.034630243,0.086928041,0.17275007,0.30282408,0.49905257,0.81328635,1.3031871,1.8865087,2.1019577,1.6075871,0.90938914,0.42664023,0.17811395,0.077094267,0.065025544,0.11732334,0.21834302,0.34081821,0.42440529,0.38328223,0.21342613,0.012727746,-0.14014274,-0.2331166,-0.28407343,-0.3117868,-0.3292194,-0.34575802,-0.36319062,-0.38151719,-0.40118474,-0.4248752,-0.45124759,-0.47538504,-0.49237065,-0.50220442,-0.50935626,-0.51740207,-0.53036477,-0.54466845,-0.55494921,-0.5598661,-0.56254803,-0.56433599,-0.56612395,-0.56657094,-0.56478298,-0.56031309,-0.55360824,-0.54600942,-0.53885758,-0.53304671,-0.52723585,-0.52231896,-0.51695508,-0.51159121,-0.50622733,-0.50131044,-0.49728753,-0.49281764,-0.48834774,-0.48253687,-0.47449106,-0.46152836,-0.44364877,-0.42085229,-0.39582087,-0.37749429,-0.3770473,-0.39269194,-0.41012454,-0.42129928,-0.42621617,-0.42576918,-0.42129928,-0.41325347,-0.4029727,-0.39135097,-0.38062322,-0.3725774,-0.36631954,-0.36184965,-0.36274363,-0.36900148,-0.38285816,-0.40118474,-0.41772336,-0.43202703,-0.44275479,-0.44722468,-0.44498974,-0.43649693,-0.41370046,-0.36497857,-0.30955185,-0.27423966,-0.25680706,-0.26306492,-0.27736859,-0.28452042,-0.28049752,-0.2679818,-0.25546609,-0.2465263,-0.24295038,-0.25144318,-0.26753481,-0.28943731,-0.31804465,-0.34531103,-0.37078944,-0.3725774,-0.34933393,-0.30910486,-0.29122527,-0.35201587,-0.41772336,-0.47136213,-0.50443937,-0.52365993,-0.53215273,-0.52812983,-0.52857682,-0.54153952,-0.56031309,-0.56880589,-0.57014686,-0.56120707,-0.54958533,-0.53885758,-0.520531,-0.50220442,-0.48521881,-0.46733922,-0.44633071,-0.41995831,-0.38688107,-0.346652,-0.31402175,-0.27111073,-0.21881293,-0.15355243,-0.078905148,-0.022584443,0.068154472,0.15308252,0.27376975,0.38730514,0.51827313,0.66488576,0.83205992,1.0193486,1.2276458,1.4520347,1.7050309,1.9517692,2.1994015,2.4729592,2.6843854,2.9123501,3.0428711,3.0978509,3.1626644,3.1438908,2.9726937,2.8135654,2.611973,2.5109533,2.3035501,2.0755853,1.828847,1.5736159,1.3344764,1.1002538,0.80345258,0.59649633,0.40250279,0.17856094,-0.046274898,-0.21747196,-0.38598709,-0.52410692,-0.67697741,-0.82001412,-0.91835186,-1.0193715,-1.1105574,-1.218282,-1.2960582,-1.3765163,-1.4404359,-1.5097193,-1.5615701,-1.608504,-1.65365,-1.6916441,-1.7260623,-1.7636094,-1.7904288,-1.8163542,-1.8382567,-1.8565833,-1.8762508,-1.8941304,0
1.7356406,1.5988842,1.474314,1.3596733,1.2522541,1.1502509,1.0486991,0.95075809,0.85687911,0.76480549,0.68085602,0.60187129,0.52965669,0.4619555,0.39696236,0.33783665,0.28773777,0.24531169,0.20514232,0.16903502,0.13744113,0.10765261,0.08012079,0.060261774,0.046721536,0.033181298,0.014676306,0.0011360684,0.0024900922,0.017384354,0.045818854,0.093661028,0.17129173,0.2890918,0.46692026,0.74404379,1.1705613,1.683285,1.8778131,1.4418174,0.82709059,0.40959991,0.20198293,0.11487407,0.097723099,0.13563577,0.2191339,0.32655312,0.3974137,0.35182823,0.19024806,0.0074548461,-0.12523949,-0.20241884,-0.24710163,-0.27689015,-0.29900587,-0.31886489,-0.33782122,-0.35497219,-0.37392852,-0.39875229,-0.42718679,-0.4524619,-0.47006421,-0.47999372,-0.48811786,-0.49895005,-0.514747,-0.53370333,-0.54769491,-0.55581905,-0.56033247,-0.56258917,-0.5639432,-0.56349186,-0.56168649,-0.5585271,-0.55311101,-0.54679223,-0.54047345,-0.53460601,-0.52873858,-0.5224198,-0.51564968,-0.50842822,-0.50120676,-0.49533932,-0.49082591,-0.48721518,-0.48360445,-0.47909104,-0.47232092,-0.46194007,-0.44794849,-0.42899216,-0.40823046,-0.39378754,-0.39469022,-0.4086818,-0.42357606,-0.43395691,-0.43892167,-0.43892167,-0.43531094,-0.42854082,-0.41906265,-0.4086818,-0.39965498,-0.39153083,-0.3856634,-0.38205267,-0.38205267,-0.38656608,-0.39739827,-0.41138985,-0.4240274,-0.43666496,-0.44569179,-0.44930252,-0.44839983,-0.4425324,-0.42357606,-0.38340669,-0.33736988,-0.30758136,-0.29223575,-0.29810319,-0.31074075,-0.31660818,-0.31119209,-0.29900587,-0.28546564,-0.27508479,-0.27147406,-0.27869552,-0.29178441,-0.31074075,-0.33601586,-0.35993694,-0.38250401,-0.38430937,-0.36399902,-0.32698903,-0.31119209,-0.36445036,-0.42267338,-0.47186958,-0.50210944,-0.52061444,-0.52828724,-0.52422517,-0.52467651,-0.53641138,-0.55175698,-0.55762442,-0.5562704,-0.54634089,-0.53505736,-0.5224198,-0.50256078,-0.48450713,-0.46780751,-0.44704581,-0.4217707,-0.39062815,-0.35587487,-0.32021891,-0.287271,-0.24484492,-0.19384336,-0.13065558,-0.054378907,0.0042954573,0.096369076,0.1830266,0.30218069,0.4181754,0.54996705,0.69575028,0.86094118,1.0455398,1.2504487,1.4729599,1.7234543,1.9658246,2.2118056,2.480805,2.6933867,2.9149953,3.0400168,3.0946291,3.1569142,3.1338958,2.9732183,2.8193109,2.6247828,2.5160096,2.3065873,2.082722,1.8362897,1.5817332,1.342071,1.1091789,0.81761242,0.61044678,0.4127593,0.18618599,-0.039935987,-0.21279969,-0.38114998,-0.52332248,-0.67903522,-0.82256174,-0.92185682,-1.0247626,-1.1195443,-1.2278662,-1.3059482,-1.386287,-1.4517315,-1.521238,-1.5735936,-1.6209844,-1.6665699,-1.7053853,-1.7405899,-1.7780512,-1.8051317,-1.8317608,-1.8547792,-1.8737356,-1.8944972,-1.9120996,1
1.6959081,1.5625644,1.4398882,1.3261015,1.2194265,1.1171963,1.0198554,0.92518135,0.83450762,0.74561179,0.66338316,0.58915515,0.51759402,0.45047767,0.38869508,0.33002383,0.27801978,0.23312739,0.19312427,0.15756594,0.12423001,0.092227514,0.06466981,0.043779292,0.029111482,0.017555025,0.004220652,-0.0073358047,-0.010891637,-0.0015575763,0.023333253,0.070892517,0.15089876,0.27268603,0.45803382,0.75894617,1.2305385,1.794138,2.0070435,1.5305619,0.85495365,0.3882506,0.14956532,0.051779916,0.039334501,0.087782723,0.18379021,0.305133,0.38913955,0.35224779,0.18912396,-0.004224451,-0.14956912,-0.23846494,-0.28780212,-0.31402639,-0.32913867,-0.34158409,-0.3562519,-0.37269763,-0.39269919,-0.41892345,-0.44870355,-0.47448334,-0.49226251,-0.50248552,-0.51048615,-0.52026469,-0.53359906,-0.54826687,-0.55848989,-0.56382364,-0.56693499,-0.56915739,-0.57004635,-0.56960187,-0.56782395,-0.56382364,-0.55715645,-0.55093375,-0.54471104,-0.53937729,-0.5349325,-0.53093219,-0.52604292,-0.52026469,-0.51537542,-0.51093063,-0.50604136,-0.50248552,-0.49892969,-0.49315146,-0.48559532,-0.4731499,-0.45581522,-0.43448022,-0.41003387,-0.39225471,-0.39225471,-0.40647804,-0.42292377,-0.43270231,-0.43625814,-0.43536918,-0.43003543,-0.42070137,-0.40825595,-0.39625502,-0.38647648,-0.37803138,-0.37225315,-0.36914179,-0.37091971,-0.3775869,-0.39092127,-0.407367,-0.42203481,-0.43581366,-0.44603668,-0.45048147,-0.44825907,-0.44070293,-0.41936793,-0.37269763,-0.31847118,-0.28424629,-0.26735608,-0.27357879,-0.28735764,-0.29491378,-0.29091347,-0.27846806,-0.26513368,-0.25491066,-0.25091035,-0.25935546,-0.27446775,-0.29535826,-0.32336045,-0.34958471,-0.37314211,-0.37403106,-0.35002919,-0.30913712,-0.29046899,-0.34914023,-0.41136731,-0.46248241,-0.49359594,-0.51137511,-0.51759781,-0.51226406,-0.51181959,-0.52470948,-0.54248864,-0.54915583,-0.54915583,-0.53982177,-0.52782083,-0.5135975,-0.49404042,-0.47715022,-0.46026001,-0.44114741,-0.41847897,-0.39136575,-0.35980773,-0.31980461,-0.28380181,-0.23802046,-0.18423849,-0.11890006,-0.039782779,0.018888462,0.11134012,0.19756906,0.31757842,0.43136507,0.56159745,0.70560868,0.86917699,1.0518579,1.2554293,1.4781134,1.7283551,1.9688183,2.2115039,2.4835251,2.6959861,2.9244484,3.0555697,3.1080182,3.1702453,3.1497993,2.9804527,2.8244406,2.6230915,2.5195279,2.3119562,2.0861608,1.836808,1.5821215,1.3429917,1.1065288,0.81006126,0.602934,0.40780768,0.18067886,-0.047338924,-0.22113025,-0.39225471,-0.53226562,-0.68738883,-0.83140006,-0.92962994,-1.0300822,-1.1203115,-1.226542,-1.3021034,-1.3794428,-1.4412254,-1.5074528,-1.5563455,-1.6016823,-1.6456858,-1.683022,-1.7168024,-1.7536942,-1.7799185,-1.8056983,-1.8279222,-1.8465903,-1.8665919,-1.8834821,1
1.7381069,1.6000592,1.474074,1.3601512,1.2502491,1.1452614,1.0456348,0.94913545,0.85486989,0.76373163,0.68018822,0.6028994,0.53097165,0.4621712,0.39873182,0.33886649,0.28436223,0.23789958,0.19679801,0.16061076,0.12665729,0.093150577,0.063664667,0.042667126,0.02926444,0.015414998,-0.00066822508,-0.013624155,-0.018538473,-0.011390374,0.011840948,0.056963324,0.1306781,0.2428139,0.4152618,0.69403766,1.134986,1.6697532,1.8752611,1.4231438,0.78204863,0.34244054,0.11861568,0.026583903,0.013627973,0.057856837,0.14676132,0.25934388,0.33976,0.30893382,0.1561432,-0.026580085,-0.16284073,-0.24638413,-0.29374029,-0.31920539,-0.33573537,-0.35092508,-0.36700831,-0.38309153,-0.40096178,-0.42374634,-0.4496582,-0.47333628,-0.48986626,-0.50103517,-0.50952353,-0.51935217,-0.5323081,-0.54705106,-0.55821996,-0.56313428,-0.56626157,-0.56849535,-0.56894211,-0.56760184,-0.56536806,-0.5609005,-0.55419915,-0.5466043,-0.5394562,-0.53364837,-0.52873405,-0.52426649,-0.51890541,-0.51354434,-0.50773651,-0.50237544,-0.49835463,-0.49433382,-0.49075977,-0.48495194,-0.47691033,-0.46618818,-0.45099847,-0.43000093,-0.40721637,-0.39068639,-0.39023963,-0.40364232,-0.41972554,-0.42955418,-0.43357498,-0.43402174,-0.43044769,-0.42374634,-0.41391771,-0.40319556,-0.39336692,-0.38577207,-0.37996424,-0.37639019,-0.37639019,-0.38175126,-0.39426044,-0.4098969,-0.42374634,-0.43670227,-0.4456374,-0.44921145,-0.44831794,-0.44206335,-0.42061905,-0.37683694,-0.32769376,-0.29597407,-0.27899734,-0.28435841,-0.2977611,-0.3049092,-0.30044163,-0.28837922,-0.27542329,-0.26514789,-0.26112709,-0.26961546,-0.28301814,-0.30222866,-0.32769376,-0.35226535,-0.37415641,-0.37504992,-0.35360562,-0.3160781,-0.29954812,-0.35405238,-0.41257744,-0.46172062,-0.49075977,-0.50728975,-0.51265083,-0.50728975,-0.50773651,-0.51935217,-0.53454188,-0.5394562,-0.53811593,-0.5282873,-0.51533137,-0.50237544,-0.48227141,-0.46350765,-0.44474389,-0.4241931,-0.40006827,-0.36968884,-0.33394835,-0.29686758,-0.26425438,-0.22270606,-0.17177585,-0.10788971,-0.032387915,0.026583903,0.11772217,0.20394611,0.32367677,0.43849312,0.5702862,0.71682223,0.88212202,1.0675258,1.2748207,1.4981988,1.7465953,1.9887371,2.2322193,2.4971457,2.7075678,2.9278187,3.0560377,3.1145627,3.1739813,3.1476227,2.9836632,2.8348934,2.6418947,2.5315459,2.3238043,2.1013197,1.8564973,1.6027398,1.3619382,1.1278379,0.83521262,0.62747099,0.42911124,0.20037206,-0.02479306,-0.19858122,-0.36834858,-0.51041705,-0.66633496,-0.81019046,-0.91026384,-1.0134645,-1.1068366,-1.2145048,-1.2917936,-1.371763,-1.4369894,-1.5053431,-1.5567201,-1.6040762,-1.6487518,-1.6876196,-1.7220199,-1.7595474,-1.7863527,-1.8127114,-1.8354959,-1.8547064,-1.8752572,-1.8926807,0
1.6978788,1.5624053,1.4398979,1.3267797,1.2208152,1.1184277,1.0196169,0.92483016,0.83183182,0.74330456,0.6610368,0.58592276,0.5157269,0.44776658,0.38517155,0.32704759,0.27518313,0.2309195,0.19202116,0.158041,0.12584926,0.095445962,0.069513734,0.049393901,0.03598068,0.024802995,0.010942667,-0.00068212536,-0.0015763401,0.010495559,0.038216217,0.090080673,0.17458397,0.30156246,0.49426575,0.80321695,1.2878813,1.8686738,2.0873093,1.5972797,0.90560454,0.42675253,0.18129058,0.079797203,0.065489767,0.11556579,0.2130352,0.33554263,0.42317567,0.38606576,0.21750628,0.017649277,-0.13302591,-0.22647135,-0.2778887,-0.30605647,-0.32528208,-0.34316638,-0.36105068,-0.37938208,-0.40039612,-0.42588125,-0.45270769,-0.47640438,-0.49339446,-0.50412504,-0.51217297,-0.52156223,-0.53497545,-0.5501771,-0.56180189,-0.56761429,-0.57163825,-0.5743209,-0.57566222,-0.574768,-0.57119114,-0.56672007,-0.56001346,-0.55241263,-0.54525892,-0.53944652,-0.53497545,-0.53050437,-0.52558619,-0.5202209,-0.51530272,-0.51038454,-0.50591347,-0.5018895,-0.49741843,-0.49115892,-0.48221678,-0.46925066,-0.45091926,-0.42766968,-0.40218455,-0.38340604,-0.38251183,-0.39816059,-0.41559778,-0.42632835,-0.43079943,-0.43035232,-0.42677546,-0.41828042,-0.40754984,-0.39637216,-0.3865358,-0.37893497,-0.37267547,-0.36999282,-0.37222836,-0.37893497,-0.3927953,-0.41023249,-0.42409282,-0.43840025,-0.44823661,-0.45136637,-0.45047215,-0.44287133,-0.41872753,-0.37043993,-0.31544572,-0.27923002,-0.26045151,-0.26715812,-0.28101845,-0.2899606,-0.28504242,-0.27118209,-0.25866308,-0.24793251,-0.24301433,-0.2532978,-0.26894655,-0.2899606,-0.31723415,-0.34361349,-0.3686515,-0.3686515,-0.34540192,-0.30516225,-0.28683085,-0.35166142,-0.41380935,-0.46656802,-0.49920686,-0.51932669,-0.52737462,-0.52200933,-0.52111512,-0.53542255,-0.55464817,-0.56180189,-0.5626961,-0.55241263,-0.54391759,-0.53005727,-0.50949033,-0.49205314,-0.47416884,-0.45270769,-0.42811678,-0.39994902,-0.36999282,-0.3324358,-0.29711432,-0.25463912,-0.20366888,-0.14107384,-0.065512696,-0.009624273,0.08203274,0.16474761,0.28591371,0.4008203,0.53137566,0.67534424,0.83987975,1.0249822,1.2302045,1.452864,1.7041383,1.9469176,2.1883556,2.4593027,2.6694432,2.9032803,3.0374125,3.093301,3.1603671,3.1460596,2.9618514,2.7995514,2.5929878,2.5058019,2.3081804,2.085968,1.8391648,1.5767127,1.34064,1.1081442,0.80232273,0.59888887,0.41468063,0.18710298,-0.04941683,-0.22110606,-0.39055976,-0.52513908,-0.68520353,-0.83319607,-0.92753573,-1.0250051,-1.116215,-1.2275448,-1.3022117,-1.3804555,-1.4426034,-1.5127993,-1.5624282,-1.6080332,-1.6527439,-1.6894067,-1.7233869,-1.7627323,-1.7877703,-1.8137026,-1.836505,-1.8552835,-1.8762976,-1.8937348,1
1.6602556,1.5274339,1.4062397,1.2939898,1.1902368,1.0914032,0.99570002,0.90357456,0.81368514,0.72558457,0.64419217,0.56995514,0.50108465,0.43623905,0.37541835,0.31862255,0.26898213,0.22604988,0.18848415,0.15494333,0.12363855,0.094122628,0.069078812,0.051637582,0.04179894,0.031513087,0.018991179,0.0082581144,0.0064692704,0.019885601,0.052979215,0.11066944,0.20368933,0.34366637,0.55430276,0.88836938,1.4048981,2.0157883,2.2326857,1.7107904,0.98094206,0.47380478,0.21173912,0.10396127,0.090992151,0.14421026,0.24975206,0.38033767,0.46977988,0.42640041,0.24617437,0.035537986,-0.12366913,-0.22160834,-0.27572088,-0.30478959,-0.32357245,-0.34056647,-0.35979655,-0.37902662,-0.39959833,-0.42553656,-0.45415807,-0.47920189,-0.49709033,-0.50737618,-0.51453156,-0.52302856,-0.53555047,-0.54986123,-0.55925266,-0.56417198,-0.56685524,-0.5690913,-0.57043293,-0.57043293,-0.56819688,-0.56372477,-0.5570166,-0.54941401,-0.54270585,-0.53689211,-0.53152557,-0.52660625,-0.52168693,-0.5163204,-0.51005945,-0.50514012,-0.50066801,-0.49753754,-0.49351264,-0.48725168,-0.47830746,-0.46533834,-0.44610827,-0.42151167,-0.394679,-0.37500172,-0.37455451,-0.39154853,-0.40988418,-0.42106445,-0.42553656,-0.42464214,-0.4188284,-0.40943697,-0.39780948,-0.38484036,-0.37321288,-0.36516308,-0.35845491,-0.35487723,-0.35621886,-0.36337423,-0.37902662,-0.39825669,-0.41390908,-0.42956146,-0.44118895,-0.44521385,-0.44387222,-0.434928,-0.40988418,-0.35845491,-0.29942306,-0.26096291,-0.24173284,-0.248441,-0.26364618,-0.27169598,-0.26632945,-0.25291312,-0.23904957,-0.22965814,-0.22697488,-0.23770794,-0.25470196,-0.27840414,-0.30970891,-0.34011926,-0.36739913,-0.3700824,-0.345933,-0.30255354,-0.28332346,-0.34951069,-0.41659234,-0.47249372,-0.50737618,-0.52884231,-0.53823374,-0.53376163,-0.53420884,-0.54941401,-0.57088014,-0.57982436,-0.58206042,-0.5731162,-0.56461919,-0.55433334,-0.53599768,-0.51945088,-0.50469291,-0.48635726,-0.4635495,-0.43716405,-0.4067537,-0.36784634,-0.3334111,-0.29092605,-0.23860236,-0.17465119,-0.099519739,-0.042723941,0.048059894,0.13124114,0.25064648,0.36423808,0.49437648,0.63927285,0.80339929,0.98854465,1.1956033,1.4187616,1.6727775,1.9200852,2.1687345,2.4442165,2.6588778,2.8923219,3.0255908,3.081045,3.1449961,3.1284493,2.951801,2.7952771,2.5922433,2.4925153,2.2885871,2.0645343,1.8132017,1.5520305,1.3181392,1.0855894,0.78327479,0.58068821,0.39151795,0.1661236,-0.061506803,-0.23099978,-0.39736227,-0.53242,-0.68760222,-0.83115695,-0.92730732,-1.0274826,-1.1182664,-1.2287275,-1.3052006,-1.3839098,-1.4474137,-1.515837,-1.5654774,-1.6115402,-1.6567085,-1.6942742,-1.7287094,-1.7667224,-1.7922134,-1.8177044,-1.8391706,-1.8579534,-1.8789723,-1.8955192,0
1.6961099,1.5613112,1.4411935,1.3277491,1.220088,1.1191002,1.0198919,0.92602215,0.83482168,0.74584562,0.66354277,0.58880288,0.51806691,0.45088999,0.38816186,0.32988254,0.27783155,0.23200888,0.19241453,0.15771387,0.12434785,0.092316464,0.063844125,0.042934751,0.028698582,0.017131694,0.0037852849,-0.0082264831,-0.010450885,-0.0011083984,0.023804898,0.07096221,0.1501509,0.27160323,0.45756319,0.75696763,1.2267612,1.7917592,2.0057466,1.5283901,0.85439642,0.38860674,0.14970602,0.052277238,0.038930829,0.086977901,0.18440669,0.30541413,0.38860674,0.35168168,0.18841061,-0.0042225604,-0.1501433,-0.23911936,-0.28805619,-0.31385925,-0.3285403,-0.34099695,-0.355678,-0.37258345,-0.39304794,-0.41974076,-0.44865798,-0.47446104,-0.49270113,-0.50337826,-0.5113861,-0.52117347,-0.534075,-0.54831117,-0.55854341,-0.56432686,-0.5678859,-0.56966542,-0.5701103,-0.56966542,-0.56744102,-0.56299222,-0.55720877,-0.55098045,-0.54475212,-0.53941356,-0.53540964,-0.53096083,-0.52606715,-0.52072859,-0.51494514,-0.51049634,-0.5069373,-0.50293338,-0.49892945,-0.49359089,-0.48558304,-0.47357128,-0.45666582,-0.43486669,-0.41039827,-0.39260306,-0.39215818,-0.40683923,-0.42285492,-0.43264229,-0.43620133,-0.43531157,-0.42952813,-0.42018564,-0.40861875,-0.3961621,-0.38592986,-0.37747713,-0.37213857,-0.36946929,-0.37124881,-0.37836689,-0.39126842,-0.40772899,-0.42196516,-0.43620133,-0.44643358,-0.44999262,-0.4482131,-0.44065013,-0.41840612,-0.37258345,-0.31919781,-0.28494203,-0.26803658,-0.27337514,-0.28672155,-0.2947294,-0.29072547,-0.27782394,-0.26447754,-0.25424529,-0.24979649,-0.25869409,-0.2742649,-0.29517428,-0.32320173,-0.34944967,-0.37302833,-0.37391809,-0.35033943,-0.30896557,-0.28939083,-0.34855991,-0.41173291,-0.46200439,-0.49225625,-0.51049634,-0.51672467,-0.51183098,-0.5113861,-0.52384275,-0.5407482,-0.54742141,-0.54786629,-0.5385238,-0.52562227,-0.51272074,-0.49314601,-0.47446104,-0.45800047,-0.43887061,-0.4166266,-0.39037866,-0.35834728,-0.31697341,-0.28182787,-0.23689496,-0.18306444,-0.11811192,-0.038923224,0.020245856,0.1118912,0.19819798,0.31876054,0.43264989,0.56211006,0.70669616,0.86907747,1.0519233,1.2570131,1.4781186,1.7268067,1.9679318,2.2139506,2.4853276,2.6944213,2.9217552,3.05255,3.1050459,3.171333,3.1517583,2.9746959,2.8167634,2.6223507,2.5218078,2.3144936,2.0889392,1.8415858,1.5840001,1.3442096,1.1084231,0.81124303,0.60392881,0.40862636,0.18218228,-0.047375949,-0.22221391,-0.39215818,-0.53229548,-0.68844846,-0.83258968,-0.93046334,-1.0314512,-1.1222068,-1.2280883,-1.303273,-1.3806822,-1.4429654,-1.5088077,-1.5572997,-1.6022326,-1.6462757,-1.6840906,-1.7183464,-1.7552714,-1.7815194,-1.8068775,-1.8291215,-1.8478065,-1.8678261,-1.8847316,1
1.7021331,1.5659612,1.4410246,1.3264245,1.2208127,1.1187961,1.0203749,0.92554891,0.83341943,0.74443583,0.66219341,0.58579334,0.51433682,0.446925,0.38310847,0.32513431,0.2730025,0.22806129,0.18896244,0.15345888,0.1211012,0.089192943,0.060879979,0.041105845,0.027623481,0.017287002,0.0047034628,-0.005183604,-0.0042847797,0.0091975841,0.040656433,0.096383537,0.18626596,0.32198843,0.52736977,0.85813709,1.374961,1.9857121,2.2086205,1.6877519,0.95655835,0.44962147,0.18896244,0.083350585,0.07166587,0.12784239,0.23480247,0.36603081,0.45860971,0.42040968,0.24379072,0.033465839,-0.12652488,-0.22539555,-0.27977441,-0.3089862,-0.32561445,-0.34044505,-0.35527565,-0.37100508,-0.39212745,-0.419991,-0.45100044,-0.47751575,-0.49594165,-0.50807578,-0.51706402,-0.5274005,-0.5422311,-0.55930876,-0.57144289,-0.57773466,-0.58222878,-0.58447584,-0.58492525,-0.58402643,-0.58177936,-0.57773466,-0.5718923,-0.56560053,-0.55930876,-0.5534664,-0.54807345,-0.54312992,-0.53773698,-0.53189462,-0.52560285,-0.5202099,-0.51526637,-0.51122166,-0.50672754,-0.49998636,-0.49099811,-0.47841457,-0.45953927,-0.43437219,-0.40650863,-0.38628509,-0.38628509,-0.40201451,-0.41954159,-0.43032748,-0.43392277,-0.43257454,-0.42583336,-0.41549688,-0.40291334,-0.3903298,-0.37909449,-0.37010625,-0.36381448,-0.36111801,-0.36381448,-0.37145449,-0.38628509,-0.40471099,-0.42088982,-0.43527101,-0.44560749,-0.45010161,-0.44830396,-0.43931572,-0.41504746,-0.36336507,-0.30314384,-0.26494381,-0.24561909,-0.25191086,-0.26719087,-0.27483088,-0.26898852,-0.25460734,-0.23797909,-0.22674378,-0.22269907,-0.23258614,-0.25101204,-0.27528029,-0.30628973,-0.33595093,-0.36201683,-0.36426389,-0.33909682,-0.2941556,-0.27483088,-0.33819799,-0.40650863,-0.46268515,-0.49684047,-0.51571578,-0.52200755,-0.51706402,-0.51796284,-0.53234403,-0.55211816,-0.56110641,-0.56200523,-0.55301699,-0.5422311,-0.52964756,-0.50987342,-0.49189694,-0.47481928,-0.45414632,-0.42942865,-0.3979698,-0.36426389,-0.32696269,-0.29370619,-0.25191086,-0.20067788,-0.13686136,-0.060910708,-0.0033859555,0.087395294,0.17233419,0.28918134,0.40108496,0.52781918,0.66893459,0.82802648,1.0059937,1.2068809,1.4234976,1.6679777,1.9061662,2.1497476,2.4198442,2.6324162,2.8580211,2.9874518,3.04992,3.124073,3.1042989,2.9380164,2.7906092,2.6014067,2.4993902,2.2967053,2.0728981,1.825272,1.5718036,1.3340645,1.1003702,0.80420764,0.59657924,0.39928731,0.17098595,-0.055517762,-0.22988967,-0.40111569,-0.5422311,-0.69817711,-0.84198899,-0.94130907,-1.043775,-1.1359045,-1.2428646,-1.3183658,-1.3961141,-1.458133,-1.524646,-1.5740813,-1.619472,-1.6630649,-1.701265,-1.7358697,-1.7722721,-1.7987874,-1.8248533,-1.8473239,-1.8661992,-1.8873216,-1.9043993,1
1.6652033,1.5310245,1.4128936,1.3001121,1.194463,1.0950547,0.99876691,0.90604532,0.81555261,0.72951767,0.6479405,0.57349576,0.5052919,0.4397627,0.37824549,0.32163183,0.27081326,0.22712713,0.1892361,0.1544655,0.12192379,0.091610959,0.0657559,0.047033271,0.033659964,0.022069766,0.0091422361,-0.001556409,-0.0042310703,0.0082506823,0.037671956,0.089827851,0.17541701,0.30647541,0.50395457,0.82045616,1.3139312,1.9005735,2.1181126,1.6197341,0.91763551,0.42995561,0.17898323,0.076008768,0.063081238,0.11434558,0.21464538,0.3376798,0.42282318,0.38181171,0.21107916,0.0095880129,-0.14331346,-0.23826393,-0.28997405,-0.31672066,-0.33366018,-0.34837082,-0.36441879,-0.38180409,-0.40186405,-0.42682755,-0.45446572,-0.47853767,-0.49592297,-0.50662161,-0.51330827,-0.52177803,-0.53425978,-0.54852464,-0.55833173,-0.56323528,-0.56590994,-0.56769304,-0.5685846,-0.56903038,-0.56680149,-0.56189795,-0.55521129,-0.54807886,-0.54094643,-0.53515133,-0.53024779,-0.52489846,-0.51954914,-0.51419982,-0.5088505,-0.5030554,-0.49859763,-0.49458564,-0.49057364,-0.48433277,-0.47541723,-0.46293548,-0.4451044,-0.42192401,-0.39651472,-0.37779209,-0.37734632,-0.39294851,-0.41033381,-0.42147823,-0.42549022,-0.42459867,-0.41969512,-0.41077958,-0.39918938,-0.38670763,-0.37645476,-0.367985,-0.36174413,-0.35817791,-0.35906947,-0.36575612,-0.38002098,-0.39785205,-0.41300847,-0.4277191,-0.43797197,-0.44109241,-0.44020086,-0.43217687,-0.4085507,-0.35996102,-0.30423891,-0.26813098,-0.24985413,-0.25564923,-0.26946831,-0.2774923,-0.27258875,-0.260107,-0.24807102,-0.23915549,-0.23648082,-0.24762525,-0.26411899,-0.28685361,-0.31716644,-0.34480461,-0.36932233,-0.37110544,-0.34792504,-0.30735935,-0.28997405,-0.35282859,-0.41746624,-0.47140524,-0.5048385,-0.52534424,-0.53292245,-0.5280189,-0.52891046,-0.54362109,-0.56234372,-0.56992193,-0.57081348,-0.56189795,-0.55209085,-0.54050066,-0.52177803,-0.50439273,-0.48789898,-0.46917635,-0.44688751,-0.41969512,-0.38804496,-0.34703349,-0.31270867,-0.26902254,-0.21642086,-0.15133744,-0.07421804,-0.0171586,0.075562991,0.16070637,0.28195769,0.39652234,0.52802652,0.67468712,0.84051611,1.0268508,1.2354744,1.460146,1.7129015,1.9585245,2.2059307,2.4787461,2.6891528,2.9182821,3.0506779,3.1055084,3.1679172,3.1474115,2.9668718,2.8072837,2.6093588,2.5072759,2.2968692,2.0713061,1.8238999,1.5644578,1.3246298,1.0910427,0.79326377,0.58731485,0.39563079,0.17095924,-0.054603858,-0.2253364,-0.39384006,-0.53069356,-0.68404081,-0.82668941,-0.92342299,-1.0237228,-1.1146613,-1.2225393,-1.2987671,-1.3781154,-1.4414157,-1.5096196,-1.5595466,-1.6059074,-1.6504851,-1.6883761,-1.7227009,-1.7601462,-1.7860013,-1.8114105,-1.8336994,-1.852422,-1.8720362,-1.8889757,0
1.6760536,1.5426084,1.4220199,1.3116283,1.2070002,1.1054753,1.0074972,0.91439589,0.82528459,0.73839,0.65725881,0.58189105,0.51317338,0.44844577,0.38682154,0.32918737,0.27864664,0.23608602,0.19795879,0.16382163,0.13234451,0.10175406,0.075597012,0.056090062,0.043233208,0.031263034,0.0175195,0.0055493258,0.0024459473,0.013086102,0.03835647,0.085793827,0.16470831,0.28529673,0.46573603,0.75479357,1.2074435,1.7518648,1.9606778,1.5035945,0.8509983,0.40056508,0.17002839,0.076040352,0.064513518,0.11062086,0.20106217,0.31234046,0.3885949,0.35046768,0.19263872,0.007322685,-0.13277269,-0.21966729,-0.26843466,-0.29592173,-0.31365532,-0.32961555,-0.34823582,-0.36774278,-0.38902309,-0.41385011,-0.44089384,-0.46394751,-0.47902106,-0.48921788,-0.49808467,-0.50783815,-0.52202502,-0.53798525,-0.54951209,-0.55616219,-0.56059558,-0.56369896,-0.56458564,-0.5641423,-0.5619256,-0.55704887,-0.55039877,-0.54286199,-0.53665523,-0.5317785,-0.52823178,-0.52468506,-0.52025166,-0.51537493,-0.51094153,-0.50695147,-0.50251807,-0.49719799,-0.49232126,-0.4861145,-0.47769104,-0.46616421,-0.44976064,-0.42936701,-0.40675668,-0.3903531,-0.3903531,-0.40409664,-0.41872685,-0.42848033,-0.43335706,-0.43335706,-0.42936701,-0.42183023,-0.41163341,-0.40054992,-0.3903531,-0.38325967,-0.37793959,-0.37572289,-0.37749625,-0.38370301,-0.39655986,-0.41119007,-0.42404693,-0.43690378,-0.44621392,-0.44976064,-0.44887396,-0.44178052,-0.42005687,-0.37572289,-0.3256255,-0.29281835,-0.27597144,-0.28173486,-0.29547839,-0.30345851,-0.29946845,-0.28838495,-0.27685812,-0.26799132,-0.26533128,-0.27464142,-0.28927163,-0.30922192,-0.33449229,-0.35754596,-0.37838293,-0.37882627,-0.35754596,-0.32030542,-0.30478853,-0.36375272,-0.42404693,-0.47237097,-0.50251807,-0.52113834,-0.52823178,-0.52379838,-0.52335504,-0.53532522,-0.55084211,-0.5574922,-0.5574922,-0.54862541,-0.53709857,-0.52335504,-0.50384809,-0.48522782,-0.46793757,-0.44887396,-0.42626363,-0.4014366,-0.37217617,-0.33138891,-0.29547839,-0.25158775,-0.19838698,-0.13410271,-0.056518245,0.0028892871,0.095547303,0.18155522,0.30258698,0.42095871,0.55484732,0.70336615,0.87183527,1.0602547,1.2699544,1.496501,1.7478747,1.9917116,2.2390952,2.5095324,2.7201188,2.9457788,3.0783374,3.1355282,3.188729,3.1612419,2.9883394,2.8282938,2.6199241,2.5113058,2.3016061,2.0732861,1.8259025,1.5696521,1.3284753,1.0939485,0.79912755,0.59031451,0.39657502,0.17446179,-0.052084847,-0.22587404,-0.39434316,-0.53355186,-0.68694742,-0.82970283,-0.92768093,-1.0283191,-1.1187604,-1.2242752,-1.298313,-1.3754541,-1.4375217,-1.5035793,-1.55279,-1.5980107,-1.6419013,-1.6791419,-1.713279,-1.7496329,-1.7753466,-1.8010603,-1.822784,-1.8414042,-1.8613545,-1.8782014,1
1.7076386,1.5704513,1.4458583,1.3311607,1.2232101,1.1206569,1.022152,0.92724536,0.8359371,0.74732761,0.66321606,0.58675101,0.5152337,0.44866413,0.38569292,0.32676986,0.27459371,0.22916447,0.19003236,0.15449861,0.12121382,0.090178008,0.06274055,0.042949597,0.030805149,0.020010084,0.0074158408,-0.0020298413,-0.0020298413,0.011913785,0.043399392,0.098724101,0.18913277,0.32721965,0.53457486,0.86562353,1.3824373,1.9950572,2.2172557,1.6954942,0.96097994,0.45226249,0.19273113,0.087029447,0.074435205,0.12975991,0.23726077,0.37039991,0.46395714,0.42482503,0.24625666,0.03395371,-0.1257233,-0.22377847,-0.2782036,-0.30789002,-0.32498221,-0.33937563,-0.35466864,-0.37131103,-0.39200158,-0.41898924,-0.45002505,-0.47746251,-0.49545428,-0.50669914,-0.51569503,-0.52693989,-0.54268269,-0.55932509,-0.57101974,-0.57731686,-0.58181481,-0.58406378,-0.58451357,-0.58406378,-0.5822646,-0.57776666,-0.57191933,-0.56562221,-0.55932509,-0.55347776,-0.54853002,-0.54313249,-0.53728516,-0.53143784,-0.52559051,-0.52019298,-0.51524524,-0.51074729,-0.50624935,-0.49995223,-0.49095634,-0.47746251,-0.45902094,-0.43473204,-0.40729458,-0.38705384,-0.38615425,-0.40234685,-0.41988883,-0.43068389,-0.43383245,-0.43248307,-0.42573615,-0.41539088,-0.40279664,-0.3897526,-0.37850774,-0.36996165,-0.36456412,-0.36141556,-0.36321473,-0.37041144,-0.38570445,-0.40459582,-0.42078842,-0.43563163,-0.4464267,-0.45047485,-0.44912546,-0.44012957,-0.41494109,-0.36276494,-0.30339208,-0.26515956,-0.24491881,-0.25121593,-0.26695874,-0.27505503,-0.26920771,-0.25436449,-0.2377221,-0.22602745,-0.2215295,-0.23232457,-0.25076614,-0.27460524,-0.30564105,-0.33622707,-0.36321473,-0.36456412,-0.33892584,-0.29439619,-0.27505503,-0.33802625,-0.406395,-0.46306909,-0.49725346,-0.51704441,-0.52379133,-0.5183938,-0.51929339,-0.5345864,-0.55437735,-0.56247365,-0.56382303,-0.55527694,-0.54448187,-0.53098804,-0.51164688,-0.49365511,-0.47701271,-0.45677197,-0.43158348,-0.40054767,-0.36771268,-0.33037974,-0.29664517,-0.2539147,-0.20308793,-0.14056651,-0.064551261,-0.0056281964,0.084780475,0.16844223,0.28673816,0.39873696,0.52557897,0.66636462,0.82424245,1.0019112,1.2016199,1.4188706,1.6635588,1.9032992,2.1466379,2.413366,2.6279179,2.8555139,2.9868539,3.0471263,3.1154951,3.1011016,2.9382761,2.7839966,2.5959825,2.4979274,2.2937207,2.0692733,1.8236856,1.5722505,1.3325101,1.0968178,0.80175273,0.59529711,0.39873696,0.16979161,-0.05825414,-0.23097518,-0.40054767,-0.5422329,-0.69876135,-0.84224576,-0.94075073,-1.0433038,-1.1359615,-1.2430126,-1.318578,-1.3963924,-1.4589139,-1.5254834,-1.5749608,-1.6208398,-1.6649197,-1.7027024,-1.7373366,-1.7746695,-1.8007576,-1.8263959,-1.8488856,-1.8682268,-1.8884675,-1.9055597,1
1.704173,1.5661134,1.442894,1.3291185,1.2216388,1.1186563,1.0206204,0.92573253,0.83444228,0.74495086,0.66175531,0.58620477,0.51515127,0.44814513,0.38473663,0.3262749,0.27545816,0.22958819,0.18911468,0.15403764,0.12210854,0.091978258,0.06589533,0.046557987,0.034415935,0.024072705,0.011031241,-0.00021140009,-0.0011108114,0.011930652,0.042960342,0.098723843,0.18911468,0.3262749,0.53403891,0.8672708,1.3862311,2.0018781,2.2262813,1.7014748,0.96575633,0.45489072,0.19271232,0.08658179,0.073990032,0.12930383,0.23813259,0.37214488,0.46523395,0.42476044,0.24442847,0.030368584,-0.13332427,-0.23270922,-0.28757331,-0.31815329,-0.33704093,-0.35368004,-0.37076885,-0.38875708,-0.40854413,-0.43237853,-0.45936087,-0.48319527,-0.50118349,-0.51197643,-0.51962142,-0.52861554,-0.54255641,-0.55829611,-0.56953875,-0.57538492,-0.57943228,-0.5816808,-0.58258021,-0.58258021,-0.58033169,-0.57628434,-0.56953875,-0.56279317,-0.55559788,-0.54840259,-0.54255641,-0.53671024,-0.53086407,-0.52411848,-0.5173729,-0.51197643,-0.50657996,-0.5016332,-0.49713614,-0.49084026,-0.48139644,-0.46700586,-0.44811823,-0.42428383,-0.39685178,-0.37616532,-0.37571562,-0.39280443,-0.41124236,-0.42293471,-0.42698206,-0.42608265,-0.42068618,-0.41169207,-0.39955002,-0.38605885,-0.37481621,-0.3662718,-0.3586268,-0.35368004,-0.35412975,-0.36177474,-0.37796414,-0.39730149,-0.4139406,-0.42968029,-0.44137264,-0.4458697,-0.44407087,-0.43462706,-0.40854413,-0.35637827,-0.29656742,-0.25789274,-0.2390051,-0.24530098,-0.26014126,-0.26913538,-0.26373891,-0.24934833,-0.23495775,-0.22506422,-0.22146658,-0.2313601,-0.24799921,-0.2709342,-0.3024136,-0.33254387,-0.36087533,-0.36357356,-0.33973916,-0.29656742,-0.27767979,-0.3428871,-0.41124236,-0.46790527,-0.50298231,-0.52321907,-0.53041436,-0.52501789,-0.5259173,-0.54120729,-0.56099434,-0.56998846,-0.57133757,-0.56324287,-0.55424876,-0.54255641,-0.52411848,-0.50747937,-0.49039056,-0.47060351,-0.4458697,-0.41573942,-0.3824612,-0.34603504,-0.31410594,-0.27363243,-0.22371511,-0.16165573,-0.086554885,-0.030341679,0.057800629,0.14234529,0.26016817,0.37304429,0.50210981,0.64601562,0.80925877,0.99273867,1.1964553,1.4163614,1.6654983,1.9083394,2.1543284,2.4214535,2.6323655,2.8617153,2.99213,3.0519408,3.1202961,3.1032073,2.9404138,2.7929104,2.6022352,2.4983532,2.2932874,2.0711328,1.8255935,1.5710601,1.3318167,1.0988692,0.80566112,0.59969593,0.40362427,0.17607321,-0.049229316,-0.22146658,-0.39100561,-0.53086407,-0.68601251,-0.8285692,-0.92660504,-1.0286882,-1.1217773,-1.2297066,-1.3066063,-1.3862042,-1.4509618,-1.5206662,-1.5719326,-1.6191517,-1.6636726,-1.7023473,-1.7369746,-1.7743002,-1.8008328,-1.8269157,-1.8489513,-1.8682887,-1.8885254,-1.9056142,0
1.7379129,1.5987006,1.4725535,1.3558674,1.2468403,1.14367,1.0432029,0.94498835,0.85127909,0.76117403,0.67557423,0.59808388,0.52554931,0.45706946,0.3935454,0.33362553,0.28001302,0.23405944,0.19351217,0.15837119,0.12548285,0.09349555,0.065562982,0.046190394,0.032674636,0.019609402,0.0051925928,-0.0074221154,-0.011026318,-0.00021371072,0.027268332,0.079529266,0.16512907,0.29533088,0.49130938,0.80667709,1.3009033,1.8910915,2.1082447,1.60681,0.90173793,0.41426956,0.16422802,0.062409305,0.049794597,0.10250606,0.20567635,0.33452658,0.42598322,0.39039172,0.22054368,0.017807301,-0.13492077,-0.22817951,-0.27998992,-0.30837301,-0.32684455,-0.34396451,-0.361535,-0.37910548,-0.39982965,-0.42460854,-0.45209058,-0.47777052,-0.49804416,-0.51065887,-0.5201199,-0.52958093,-0.54309669,-0.5575135,-0.56787558,-0.57418293,-0.57823766,-0.58049029,-0.58184186,-0.58184186,-0.58003976,-0.57643556,-0.56967768,-0.56201875,-0.55435982,-0.54760194,-0.54174511,-0.53588828,-0.53003145,-0.5237241,-0.5165157,-0.51020834,-0.50525256,-0.50119784,-0.49624206,-0.49038523,-0.48137472,-0.46830949,-0.45118953,-0.42821274,-0.40208227,-0.38225916,-0.38180863,-0.39757702,-0.41469698,-0.42550959,-0.43046537,-0.42956431,-0.42550959,-0.41740013,-0.406137,-0.39352229,-0.38225916,-0.37324865,-0.36649077,-0.361535,-0.36108447,-0.36739182,-0.38225916,-0.4007307,-0.41785066,-0.43271799,-0.4435306,-0.44758533,-0.4453327,-0.43632219,-0.41199383,-0.361535,-0.30476881,-0.26872679,-0.24980472,-0.2565626,-0.27142994,-0.27908887,-0.27323204,-0.25926575,-0.24484894,-0.23403634,-0.23043214,-0.23944264,-0.25566155,-0.27863834,-0.30927406,-0.33900873,-0.36649077,-0.36964445,-0.34621714,-0.30476881,-0.28719832,-0.34711819,-0.41244435,-0.46695791,-0.50119784,-0.52147147,-0.5273283,-0.521922,-0.52327358,-0.53769038,-0.55616192,-0.56427138,-0.56517243,-0.55706297,-0.54670089,-0.53408618,-0.5165157,-0.49849468,-0.48047367,-0.46020003,-0.43542114,-0.40388437,-0.36919393,-0.33180033,-0.29846145,-0.2565626,-0.20655429,-0.14348075,-0.068693555,-0.011476843,0.07817769,0.16242592,0.28046355,0.39399592,0.52284615,0.66746477,0.83055493,1.0130177,1.2171056,1.436962,1.6852014,1.9271335,2.1717687,2.4389302,2.648875,2.8727861,3.0029879,3.0678635,3.1336402,3.1093119,2.950727,2.8020536,2.6101298,2.5047069,2.300619,2.079411,1.8365779,1.5851848,1.3468569,1.1125838,0.8210939,0.61655541,0.41922534,0.19216059,-0.031299956,-0.20430167,-0.37324865,-0.51471359,-0.67014482,-0.81296134,-0.91297795,-1.0165988,-1.1107586,-1.2193352,-1.2981771,-1.3797222,-1.4468504,-1.5171324,-1.5693933,-1.6185006,-1.6644541,-1.7031993,-1.7387908,-1.7757339,-1.8027654,-1.8293464,-1.8518727,-1.8716958,-1.8919694,-1.9086389,0
1.6942921,1.5627396,1.4387939,1.3237973,1.2181973,1.1170719,1.0190788,0.92556013,0.83517371,0.74657713,0.66335003,0.58772971,0.51792634,0.45080771,0.38816366,0.3308891,0.27943148,0.23379081,0.19486201,0.16040778,0.12774338,0.097316273,0.070021364,0.050780691,0.039146796,0.0275129,0.01319426,0.00066544964,-0.0029142105,0.0078247699,0.035567136,0.086577292,0.17069931,0.29777724,0.48973651,0.79803474,1.2786041,1.8531396,2.0701565,1.5842176,0.89513302,0.41814331,0.17338405,0.074048482,0.062862044,0.11252983,0.21052302,0.33178401,0.41411619,0.37429247,0.20649591,0.0096145999,-0.13983621,-0.23111754,-0.28168024,-0.30987007,-0.32687345,-0.34298192,-0.36043276,-0.37788361,-0.39712428,-0.42128699,-0.44768698,-0.47184969,-0.48885307,-0.49914459,-0.50585646,-0.51480561,-0.52778187,-0.54210052,-0.5528395,-0.55820899,-0.56134119,-0.56313102,-0.56402593,-0.56447339,-0.56268356,-0.55776153,-0.54970729,-0.54210052,-0.53538865,-0.53001916,-0.52464967,-0.51972764,-0.51480561,-0.50988357,-0.50451408,-0.49914459,-0.49422256,-0.4906429,-0.48661578,-0.48079884,-0.47229714,-0.45932088,-0.44231749,-0.41994461,-0.39533445,-0.37743615,-0.37743615,-0.39309716,-0.40965309,-0.42039207,-0.42576156,-0.42620902,-0.42173444,-0.41368021,-0.40294123,-0.39175479,-0.38235818,-0.37430395,-0.36759208,-0.36445988,-0.36669717,-0.37340903,-0.38683276,-0.40294123,-0.41815478,-0.43247342,-0.44276495,-0.44679206,-0.44544969,-0.43829037,-0.41636495,-0.36893446,-0.31389718,-0.2789955,-0.26199211,-0.26915143,-0.28436499,-0.29241922,-0.28883956,-0.27810058,-0.26601923,-0.25662262,-0.2525955,-0.26199211,-0.27631075,-0.29599888,-0.32329379,-0.34835141,-0.3716192,-0.37340903,-0.34969378,-0.30987007,-0.29241922,-0.35237853,-0.41815478,-0.47140223,-0.50317171,-0.52285984,-0.53046662,-0.5264395,-0.52688696,-0.53941577,-0.55731407,-0.56536831,-0.56671068,-0.55820899,-0.54702255,-0.5349412,-0.51570052,-0.49780222,-0.48169375,-0.46424291,-0.44365986,-0.41770733,-0.38683276,-0.34969378,-0.31434464,-0.2704938,-0.21903619,-0.15594468,-0.081219275,-0.022602341,0.067784077,0.15324846,0.27227216,0.38816366,0.52016362,0.66871952,0.837411,1.0244482,1.2329634,1.4593769,1.7121904,1.9578446,2.2052886,2.4768953,2.6916749,2.9180884,3.0469562,3.0988613,3.159268,3.1382375,2.9695461,2.8129359,2.6151597,2.506875,2.2992547,2.0741836,1.8267396,1.5707939,1.3309566,1.0973838,0.80385169,0.59757377,0.40292976,0.17741117,-0.046317589,-0.21724636,-0.38459547,-0.52375476,-0.67678523,-0.81997163,-0.91885974,-1.0208801,-1.1130563,-1.2208936,-1.2983037,-1.3770562,-1.4414901,-1.5103986,-1.5623036,-1.6097341,-1.6549274,-1.6934087,-1.7278629,-1.7645544,-1.7914019,-1.8173544,-1.8397273,-1.8585205,-1.8786561,-1.896107,1
1.7017295,1.5655197,1.442796,1.329063,1.2207245,1.1173309,1.0188822,0.9249289,0.83322328,0.74421488,0.66105047,0.58597772,0.51540036,0.44707068,0.38368591,0.32614512,0.27354925,0.22814598,0.18903623,0.15397231,0.12205516,0.092385693,0.064963913,0.045184269,0.033945835,0.023606475,0.010120354,-0.00021900539,-0.0015676175,0.011468966,0.042037507,0.098229679,0.18903623,0.32614512,0.53248278,0.86603951,1.3852552,1.9988737,2.2218442,1.6981332,0.96358911,0.4533642,0.19173345,0.086541707,0.074404198,0.12924776,0.23758626,0.37109886,0.46325402,0.42369473,0.24343025,0.029450461,-0.13238299,-0.23173075,-0.28747338,-0.31804193,-0.33602342,-0.3526563,-0.3706378,-0.38861929,-0.40839894,-0.43177488,-0.45829758,-0.4825726,-0.5005541,-0.51134299,-0.51943467,-0.52797588,-0.54191154,-0.55764534,-0.56888378,-0.5751773,-0.5787736,-0.58057175,-0.58192036,-0.58192036,-0.57967267,-0.57562684,-0.56978285,-0.56169118,-0.55404904,-0.54775552,-0.541462,-0.53606755,-0.53022356,-0.5234805,-0.51718698,-0.51134299,-0.50549901,-0.50145317,-0.4969578,-0.49021474,-0.48077445,-0.46683879,-0.44795823,-0.42368321,-0.39626143,-0.37648178,-0.37603225,-0.39221559,-0.41064662,-0.4223346,-0.42727951,-0.42593089,-0.42053645,-0.4115457,-0.39940819,-0.38637161,-0.37468363,-0.36569289,-0.35850029,-0.35400492,-0.35445445,-0.36164705,-0.37738086,-0.39761004,-0.41469246,-0.42997673,-0.4416647,-0.44571054,-0.44391239,-0.43492164,-0.40929801,-0.35670214,-0.29736321,-0.25870299,-0.23982242,-0.24656548,-0.26184975,-0.26994143,-0.26409744,-0.25016178,-0.23622612,-0.22588676,-0.22184093,-0.23218029,-0.24926271,-0.27218911,-0.30365673,-0.33422527,-0.36164705,-0.36389474,-0.34006926,-0.29691367,-0.27848264,-0.34321602,-0.41109616,-0.46818741,-0.50370086,-0.5234805,-0.53022356,-0.52482912,-0.52617773,-0.541462,-0.56169118,-0.57023239,-0.571581,-0.56348933,-0.55449858,-0.54236107,-0.52393004,-0.50594855,-0.48931566,-0.46953602,-0.44481146,-0.41469246,-0.38187623,-0.34681232,-0.31444563,-0.27308819,-0.22318954,-0.16160292,-0.087429255,-0.031237084,0.05867039,0.14318342,0.26141174,0.37424562,0.50326285,0.64756434,0.81119595,0.99370812,1.1973485,1.4185209,1.6666656,1.9085167,2.1557622,2.4268333,2.6381158,2.8637836,2.9936999,3.0543874,3.1258639,3.1056347,2.941104,2.790509,2.5972079,2.4987592,2.2955683,2.0707997,1.8240036,1.5704646,1.3317602,1.0984503,0.80490242,0.59856477,0.40301602,0.17689872,-0.049218579,-0.22229047,-0.39086698,-0.5306731,-0.68666257,-0.82961545,-0.92716506,-1.0287605,-1.1209157,-1.2292542,-1.3065746,-1.3861427,-1.4508761,-1.5201049,-1.5713521,-1.6185535,-1.6635073,-1.7017179,-1.7358828,-1.7736439,-1.8001666,-1.8262398,-1.8482671,-1.8675972,-1.8878264,-1.9049088,0
1.6816596,1.5495399,1.4284302,1.3165689,1.2121943,1.1117834,1.013134,0.91888864,0.82904726,0.74316946,0.66301685,0.58858943,0.51988719,0.45558895,0.3939331,0.33580043,0.28515455,0.24155506,0.20324035,0.16888923,0.13585931,0.10547178,0.078167049,0.058349097,0.04425633,0.031484761,0.017391994,0.0050608238,0.0028588291,0.012107207,0.037209947,0.085213432,0.16580644,0.28691615,0.46747972,0.75858342,1.2148367,1.7622526,1.9710017,1.5068212,0.84622282,0.3904099,0.15743886,0.061431889,0.048219921,0.095342608,0.19002838,0.3062937,0.38556552,0.34592961,0.1843032,-0.0037471552,-0.14643641,-0.2345162,-0.28472168,-0.31422841,-0.33316557,-0.34813913,-0.3631127,-0.37852666,-0.39658302,-0.41992416,-0.4450269,-0.46836805,-0.48510321,-0.49611318,-0.50536156,-0.51549073,-0.5295835,-0.54631866,-0.55776903,-0.56349422,-0.56613661,-0.56701741,-0.56701741,-0.56569621,-0.56217302,-0.55820943,-0.55204385,-0.54499746,-0.53883188,-0.53354709,-0.5291431,-0.52473911,-0.51945432,-0.51460994,-0.50932515,-0.50448076,-0.49963637,-0.49479198,-0.48994759,-0.48334161,-0.47541443,-0.46308326,-0.4463481,-0.42520895,-0.40142741,-0.38381145,-0.38293065,-0.39702342,-0.41287778,-0.42344735,-0.42829174,-0.42873214,-0.42476855,-0.41728177,-0.40671219,-0.39570222,-0.38645384,-0.37940746,-0.37412267,-0.37148028,-0.37368227,-0.37984786,-0.39350022,-0.40935459,-0.42256655,-0.43577852,-0.4454673,-0.44943089,-0.44855009,-0.44062291,-0.41904336,-0.37544387,-0.32479799,-0.29176807,-0.27547331,-0.28075809,-0.29397006,-0.30321844,-0.30013565,-0.28868527,-0.2776753,-0.27018852,-0.26842692,-0.28031769,-0.29573166,-0.31599001,-0.34197355,-0.36619549,-0.38777504,-0.38777504,-0.36663589,-0.32832118,-0.31158602,-0.37192068,-0.43093413,-0.47937802,-0.50800395,-0.52517951,-0.5300239,-0.52429871,-0.52253712,-0.53486829,-0.55072265,-0.55732863,-0.55644784,-0.54763986,-0.53883188,-0.52473911,-0.50580196,-0.488186,-0.47057004,-0.45031169,-0.42785134,-0.4018678,-0.37280147,-0.33360597,-0.29617206,-0.25345336,-0.20192668,-0.13983043,-0.059677822,-0.0019855594,0.089177023,0.17461442,0.29616453,0.41331065,0.54587073,0.69428518,0.86207718,1.0505679,1.2606382,1.4874437,1.7428751,1.9908197,2.2374431,2.512252,2.7249647,2.9530914,3.0847707,3.1371781,3.19443,3.1688869,2.9856809,2.8240545,2.6219114,2.5197388,2.3096685,2.0806611,1.8274317,1.5689175,1.3311021,1.098131,0.79954053,0.59387422,0.40186028,0.17681641,-0.048227449,-0.21645985,-0.38381145,-0.52077552,-0.67799794,-0.8242104,-0.92462136,-1.0276747,-1.1188373,-1.2232118,-1.2954373,-1.3707455,-1.4301993,-1.494938,-1.5420607,-1.5874218,-1.6305809,-1.6680148,-1.7028063,-1.738919,-1.7635814,-1.7891245,-1.810704,-1.8296412,-1.8498995,-1.8657539,0
1.7306077,1.5948989,1.4704616,1.3545907,1.2468352,1.1431375,1.0434975,0.94611176,0.85143122,0.76080842,0.67559593,0.59804806,0.52636137,0.45692898,0.3929069,0.33519685,0.28470057,0.24141803,0.2026441,0.1679279,0.13726944,0.10796356,0.080010258,0.058819851,0.04574492,0.032219128,0.0146356,0.0020115279,0.0024623876,0.017791618,0.047999218,0.096241207,0.17378908,0.2932669,0.47315992,0.7531438,1.183264,1.6967932,1.8911137,1.4524272,0.83520027,0.41725332,0.20670184,0.11833333,0.10210238,0.1399746,0.22518708,0.33294255,0.40327667,0.35773984,0.19543034,0.011930442,-0.12017145,-0.19862104,-0.24460873,-0.27526719,-0.29916276,-0.31945145,-0.33793669,-0.35552022,-0.37490719,-0.39925361,-0.42810864,-0.45470936,-0.47184203,-0.48131008,-0.48987642,-0.50024619,-0.51647714,-0.53541325,-0.54984076,-0.55840709,-0.56291569,-0.56471913,-0.56562085,-0.56562085,-0.56426827,-0.56066139,-0.55480021,-0.54848818,-0.54172528,-0.53586411,-0.53045379,-0.52414175,-0.51737886,-0.5101651,-0.50295135,-0.49663931,-0.49167985,-0.48807298,-0.4844661,-0.4799575,-0.47319461,-0.46327569,-0.44884818,-0.42946121,-0.40827081,-0.3938433,-0.39519588,-0.40917253,-0.42450176,-0.43442067,-0.43892927,-0.43938013,-0.43577325,-0.42855949,-0.41909144,-0.40872167,-0.39880275,-0.39113814,-0.38527696,-0.38167009,-0.38212094,-0.3870804,-0.39790103,-0.41187769,-0.42450176,-0.43622411,-0.44614302,-0.45020076,-0.44884818,-0.44253615,-0.42269832,-0.38121923,-0.33432982,-0.30502393,-0.2896947,-0.29510502,-0.30817995,-0.31359027,-0.30772909,-0.29600674,-0.28293181,-0.27346375,-0.26940602,-0.27707063,-0.29014556,-0.30908167,-0.33478068,-0.36002882,-0.38347352,-0.38527696,-0.36543914,-0.32846864,-0.31178683,-0.36453742,-0.42314918,-0.47274375,-0.50295135,-0.52053488,-0.52774863,-0.52414175,-0.52459261,-0.53631497,-0.55209506,-0.55795623,-0.55705451,-0.5471356,-0.53586411,-0.52278917,-0.50385307,-0.48536782,-0.46778429,-0.44794646,-0.42314918,-0.39249072,-0.35867624,-0.32125488,-0.28924384,-0.24776475,-0.1968176,-0.13279553,-0.057952813,0.0002080891,0.09173261,0.17784681,0.29732464,0.41319558,0.54529748,0.69092516,0.8550381,1.0403414,1.2468352,1.469109,1.719787,1.9628004,2.2080681,2.4754279,2.6886845,2.9132127,3.0417077,3.101672,3.1638907,3.1368391,2.9704719,2.8198847,2.6269168,2.5164561,2.3068064,2.0831799,1.8397157,1.5858817,1.34377,1.1084213,0.8158133,0.61022128,0.41364644,0.18596229,-0.039016706,-0.21259769,-0.38167009,-0.52369089,-0.67878663,-0.8212583,-0.9208983,-1.0236943,-1.1174731,-1.2261303,-1.3050308,-1.3852838,-1.4511093,-1.5200909,-1.5719397,-1.6197308,-1.6648168,-1.7035908,-1.7392087,-1.7761792,-1.8027799,-1.8293806,-1.8523745,-1.8717614,-1.892501,-1.9100845,1
1.7160765,1.580132,1.4584974,1.3431234,1.23401,1.1320515,1.0318819,0.93528967,0.84361652,0.75462649,0.6710027,0.59408669,0.52387848,0.45724776,0.39374733,0.33471877,0.282398,0.23589065,0.19519672,0.15986902,0.12633006,0.094132668,0.065959945,0.045389386,0.031973804,0.019452594,0.0042482677,-0.0082729423,-0.013639175,-0.0055898259,0.018558222,0.062829643,0.1379569,0.25333091,0.42862785,0.71393256,1.1611186,1.7013194,1.9092609,1.4535783,0.80605289,0.36110275,0.1348266,0.043153456,0.031973804,0.077586783,0.167024,0.27882051,0.35886682,0.32532787,0.17104867,-0.014086361,-0.15360842,-0.2376794,-0.28552831,-0.31370103,-0.33024691,-0.34455687,-0.36065557,-0.37675426,-0.39419452,-0.41700101,-0.44338499,-0.46753304,-0.48497329,-0.49615295,-0.50509667,-0.51538195,-0.5296919,-0.54355467,-0.55428713,-0.56099493,-0.56323086,-0.56457241,-0.56457241,-0.56323086,-0.56054774,-0.55473432,-0.54757934,-0.53952999,-0.53237502,-0.52700878,-0.52164255,-0.5167235,-0.51225164,-0.5073326,-0.50151918,-0.49615295,-0.4912339,-0.48765641,-0.48318455,-0.47737113,-0.46932178,-0.45769494,-0.44249062,-0.42326162,-0.40045513,-0.38256768,-0.3821205,-0.39643045,-0.41163478,-0.42192006,-0.4268391,-0.42773348,-0.42505036,-0.41878975,-0.40939885,-0.39866638,-0.3883811,-0.38077894,-0.37585989,-0.3722824,-0.37317678,-0.37899019,-0.39106422,-0.40582136,-0.41878975,-0.43131096,-0.44114906,-0.44562092,-0.44517373,-0.43801876,-0.4174482,-0.37407115,-0.32353912,-0.29089454,-0.27479584,-0.28060926,-0.29447203,-0.30207419,-0.2984967,-0.28776424,-0.27569021,-0.2662993,-0.263169,-0.27211272,-0.28642268,-0.30654605,-0.33114129,-0.35350059,-0.37407115,-0.37451833,-0.35215903,-0.3145954,-0.2984967,-0.35484215,-0.41700101,-0.46663866,-0.49704732,-0.51538195,-0.52208974,-0.51806506,-0.51806506,-0.52924471,-0.54489623,-0.55115683,-0.55070965,-0.54087155,-0.52835034,-0.5135932,-0.49302264,-0.4751352,-0.45858932,-0.43936031,-0.4174482,-0.39195859,-0.36154994,-0.32309194,-0.28731705,-0.24394,-0.19161923,-0.12767162,-0.051649991,0.0082729423,0.10173483,0.18983049,0.30922917,0.42594473,0.56010055,0.70990789,0.87939141,1.0676567,1.277387,1.503216,1.753193,1.9951207,2.2424145,2.5107262,2.7209036,2.9409192,3.0670257,3.1211352,3.1770334,3.1528854,2.9847434,2.825098,2.6296777,2.5187755,2.3094925,2.0850051,1.8377112,1.5823679,1.342229,1.1101394,0.81767973,0.60973821,0.41387071,0.18893611,-0.034209734,-0.20682356,-0.37407115,-0.51493476,-0.66921395,-0.81276068,-0.91248318,-1.0148888,-1.1083507,-1.2156753,-1.2930385,-1.3726376,-1.4379268,-1.5067935,-1.558667,-1.6060688,-1.6512346,-1.6901398,-1.7254675,-1.7621367,-1.7889679,-1.8149047,-1.837264,-1.8569402,-1.8775107,-1.8945038,0
1.6840058,1.5462456,1.4222156,1.3096275,1.2039046,1.1023007,1.0052736,0.91190787,0.82037285,0.72975318,0.64371026,0.56636317,0.49679655,0.42906063,0.36590147,0.30914976,0.26017852,0.21990311,0.18374678,0.15079417,0.12241831,0.097246181,0.074362425,0.059259147,0.053767046,0.047817269,0.034544691,0.025391189,0.029510265,0.051936345,0.093127105,0.16086302,0.26887435,0.43043366,0.66934006,1.0418876,1.6084894,2.2615918,2.4840219,1.9197085,1.1375417,0.59290832,0.31189581,0.19701935,0.18191608,0.24049849,0.35674797,0.49862725,0.593366,0.54210638,0.34118701,0.10731503,-0.066601507,-0.17186678,-0.23182222,-0.26660553,-0.28994696,-0.31420374,-0.3425796,-0.37049778,-0.39887363,-0.42816484,-0.45699837,-0.48125515,-0.49727378,-0.50596961,-0.51283474,-0.52244591,-0.53754919,-0.55631387,-0.5705018,-0.57873995,-0.58377438,-0.58652043,-0.58835113,-0.58926648,-0.58789345,-0.58285903,-0.57507855,-0.56638272,-0.55814457,-0.55127945,-0.54532967,-0.53983757,-0.53480314,-0.52793801,-0.52107289,-0.51512311,-0.50963101,-0.50413891,-0.49773146,-0.48949331,-0.4785091,-0.46249047,-0.44189509,-0.41489226,-0.38560106,-0.36409033,-0.36363265,-0.38239733,-0.40299271,-0.41534994,-0.41992669,-0.41763831,-0.41168854,-0.40116201,-0.38743176,-0.3737015,-0.36042893,-0.34944472,-0.34120657,-0.33617215,-0.3370875,-0.3444103,-0.35997125,-0.37919361,-0.39750061,-0.41397691,-0.42633414,-0.43182624,-0.42999554,-0.42038436,-0.39292386,-0.33662982,-0.27209763,-0.23090687,-0.21122684,-0.22038034,-0.23868735,-0.24784085,-0.24097572,-0.22541477,-0.20985382,-0.19886961,-0.19475054,-0.20573474,-0.22358407,-0.24829852,-0.28216648,-0.31511909,-0.34486797,-0.3480717,-0.32198422,-0.27621671,-0.2579097,-0.33022237,-0.40665411,-0.4711863,-0.51146171,-0.53709152,-0.54761804,-0.54395664,-0.54761804,-0.5668404,-0.59109718,-0.60208138,-0.60574278,-0.59887766,-0.59109718,-0.57919763,-0.5613483,-0.54532967,-0.53159942,-0.51329241,-0.49132401,-0.46294815,-0.42999554,-0.39566991,-0.364548,-0.32473027,-0.27621671,-0.21671894,-0.14532163,-0.089485263,-0.0020693174,0.080769877,0.19747703,0.3082344,0.43592576,0.57872039,0.73982203,0.92014602,1.1219807,1.3402918,1.5856056,1.8235967,2.0670798,2.3366505,2.5462657,2.7732725,2.906456,2.9714459,3.0451315,3.031859,2.8721304,2.7233859,2.5403159,2.4419158,2.2396234,2.0208547,1.7782868,1.5270232,1.2899475,1.0569909,0.76499416,0.55949804,0.36498612,0.13935229,-0.085366187,-0.25699435,-0.42496112,-0.5650097,-0.72016156,-0.86295619,-0.96181402,-1.0638756,-1.1567836,-1.2652526,-1.342142,-1.4222352,-1.487225,-1.556334,-1.6071359,-1.6542765,-1.6991286,-1.7375733,-1.771899,-1.8089706,-1.8350581,-1.8606879,-1.883114,-1.9023364,-1.9229317,-1.9398657,1
1.7178512,1.5829431,1.4596495,1.345737,1.2389719,1.1362273,1.0366097,0.94235265,0.85077592,0.76187948,0.67879034,0.60195523,0.53137414,0.46347334,0.39914627,0.33928636,0.2865739,0.2414556,0.20125118,0.16462049,0.13111681,0.099399986,0.071703609,0.052048115,0.038199926,0.025245168,0.010503548,-0.0028979254,-0.00557822,0.0055896743,0.032392621,0.08108464,0.16194019,0.28523375,0.47240766,0.77483423,1.248353,1.8152353,2.0287654,1.5494394,0.87043141,0.40316671,0.16372706,0.06410944,0.050707967,0.10029342,0.19723074,0.31650385,0.39780612,0.35894185,0.1932103,-0.0028979254,-0.15120756,-0.24189086,-0.29236975,-0.31961941,-0.33570118,-0.3504428,-0.36652456,-0.38215962,-0.40047496,-0.42281075,-0.44872027,-0.47284292,-0.49160498,-0.50277287,-0.51036704,-0.51885464,-0.5318094,-0.5461043,-0.55637877,-0.56218607,-0.5657598,-0.56799338,-0.57022696,-0.5715671,-0.56933352,-0.56486637,-0.55861235,-0.55101818,-0.54342401,-0.53672327,-0.53091597,-0.52555538,-0.52019479,-0.51438748,-0.50813346,-0.50277287,-0.49875243,-0.49517871,-0.49160498,-0.48535096,-0.47775679,-0.46524875,-0.44872027,-0.42727791,-0.40315526,-0.38573334,-0.38618006,-0.40181511,-0.41968374,-0.43085164,-0.43531879,-0.43442536,-0.42951149,-0.4214706,-0.41119614,-0.40002825,-0.3902005,-0.38215962,-0.37545888,-0.37188515,-0.37277858,-0.37992604,-0.39422094,-0.41030271,-0.42504433,-0.43889252,-0.4496137,-0.45408086,-0.45318742,-0.44514654,-0.42191732,-0.37545888,-0.3222997,-0.28700916,-0.26958724,-0.27628798,-0.29058288,-0.29817705,-0.29370989,-0.28075514,-0.26735366,-0.2570792,-0.25305876,-0.26154636,-0.27628798,-0.29639019,-0.32498,-0.35267638,-0.37813917,-0.37992604,-0.35669682,-0.3164924,-0.29907048,-0.35803696,-0.41923703,-0.46971591,-0.50098601,-0.51930136,-0.52510866,-0.51974807,-0.52019479,-0.53359626,-0.55057146,-0.5572722,-0.55771891,-0.54923132,-0.53851014,-0.52600209,-0.5063466,-0.48981812,-0.47328963,-0.45274071,-0.42817134,-0.39690124,-0.36295084,-0.32587343,-0.29370989,-0.25216533,-0.20168644,-0.14048638,-0.064544702,-0.0073650831,0.081531356,0.16596064,0.28568046,0.39959299,0.53048071,0.6747699,0.83782116,1.0218681,1.2282507,1.4502685,1.7017695,1.9465697,2.1922634,2.4634199,2.6751631,2.9029882,3.0361095,3.0959694,3.1616366,3.1366205,2.9686554,2.8185589,2.6260244,2.5250666,2.3186839,2.0948793,1.8473988,1.5914307,1.351991,1.1183587,0.82441969,0.618037,0.42103534,0.1932103,-0.032381166,-0.20526017,-0.37411873,-0.51394077,-0.66939786,-0.81279362,-0.91062438,-1.0129223,-1.1058392,-1.2143911,-1.2912262,-1.3707416,-1.4364088,-1.5056498,-1.5570221,-1.604374,-1.649939,-1.6888033,-1.7236471,-1.7611712,-1.7879742,-1.813437,-1.8357727,-1.8549815,-1.8750837,-1.8925056,1
1.6827434,1.5451917,1.4211255,1.3082971,1.20356,1.1015201,1.0044247,0.91137507,0.81922442,0.72887184,0.64526198,0.57019292,0.50006853,0.4348888,0.37420423,0.31801482,0.26811861,0.22316708,0.18495827,0.1534922,0.12382419,0.09370666,0.06763477,0.051002702,0.04156288,0.031673543,0.017289052,0.0056016527,0.0038035914,0.018188082,0.052351248,0.10988921,0.20383792,0.34633428,0.55895504,0.89833912,1.4287672,2.0553916,2.2823969,1.7510697,1.0035257,0.48208792,0.21192919,0.099999875,0.083817322,0.13686013,0.24564285,0.38049745,0.47489567,0.43578784,0.25418364,0.037067727,-0.12700537,-0.22634826,-0.28208817,-0.31265521,-0.33243388,-0.34861644,-0.3652485,-0.38322912,-0.40345731,-0.42997871,-0.46009624,-0.48796619,-0.50774487,-0.51853324,-0.52572548,-0.53426627,-0.54775173,-0.56303525,-0.57517217,-0.58101587,-0.58371296,-0.58506151,-0.58596054,-0.58551102,-0.5819149,-0.5760712,-0.56797992,-0.55943913,-0.55179737,-0.54505464,-0.53831191,-0.53291773,-0.526175,-0.51988178,-0.51358857,-0.50729535,-0.50235068,-0.49785553,-0.49380989,-0.48706716,-0.47717782,-0.46324285,-0.44346417,-0.41739228,-0.38817379,-0.36749608,-0.36704657,-0.38367863,-0.40255828,-0.41514471,-0.42053889,-0.42008938,-0.41469519,-0.40525537,-0.39356797,-0.38188057,-0.37154172,-0.36255141,-0.35535917,-0.35176304,-0.35401062,-0.36030384,-0.37648639,-0.39716409,-0.41244762,-0.42728162,-0.43896902,-0.44391369,-0.44166611,-0.43177678,-0.4061544,-0.35446014,-0.29422508,-0.25421821,-0.23488906,-0.24298033,-0.25826385,-0.26815319,-0.26365804,-0.25017258,-0.23578809,-0.22544923,-0.22140359,-0.23219196,-0.24927355,-0.27174931,-0.30141733,-0.33063582,-0.35895529,-0.36030384,-0.33468146,-0.29062896,-0.27174931,-0.34232322,-0.41109907,-0.46953606,-0.50414875,-0.526175,-0.53606433,-0.53111967,-0.53156918,-0.54910028,-0.57112653,-0.58101587,-0.58461199,-0.57427314,-0.56797992,-0.55764107,-0.53696337,-0.51853324,-0.50324971,-0.48347104,-0.45964673,-0.43222629,-0.40255828,-0.36434947,-0.32883776,-0.2861338,-0.23488906,-0.17330545,-0.097786876,-0.042946004,0.046507549,0.12831934,0.24654188,0.35937023,0.48883065,0.63177652,0.79584962,0.98015091,1.1842309,1.4049429,1.6544239,1.8971622,2.1434966,2.4172515,2.6271751,2.8636202,3.004768,3.0605079,3.1238896,3.1135507,2.9332951,2.7755152,2.5813246,2.49277,2.2900386,2.0697761,1.8238912,1.5654199,1.3316719,1.0983734,0.7922535,0.5899716,0.40791788,0.18226118,-0.052385826,-0.22275214,-0.39176991,-0.52437694,-0.68305585,-0.82959785,-0.92354656,-1.0215409,-1.1136915,-1.2269694,-1.3029375,-1.3838503,-1.44903,-1.5205029,-1.5703991,-1.6166992,-1.6625498,-1.7003091,-1.7349218,-1.7744791,-1.8001015,-1.8261734,-1.8486491,-1.8666297,-1.8873075,-1.904389,0
1.7318219,1.5927354,1.4685028,1.3514721,1.2420934,1.1394664,1.0399903,0.9427648,0.84733975,0.75596577,0.67224379,0.5957237,0.52415491,0.45528683,0.39137005,0.33240457,0.28019086,0.23247834,0.19106747,0.15595825,0.12309962,0.092491589,0.065484499,0.045229181,0.031725636,0.020022564,0.0056187827,-0.0069845259,-0.010585471,-0.00023275341,0.028124691,0.079438162,0.16361026,0.29234405,0.48814546,0.80277805,1.2934069,1.8794607,2.097768,1.6008376,0.89775299,0.41207549,0.16406038,0.062333672,0.050180481,0.10239419,0.20502113,0.33240457,0.42287832,0.38776911,0.21852468,0.017321855,-0.13481809,-0.22799255,-0.2788559,-0.30631311,-0.32431783,-0.34187244,-0.36032729,-0.37833201,-0.39813721,-0.42289371,-0.45080104,-0.47735801,-0.49716321,-0.51021664,-0.519219,-0.52867148,-0.54307526,-0.55747904,-0.56738164,-0.5736833,-0.57728424,-0.57953483,-0.58133531,-0.58178542,-0.58043507,-0.57593389,-0.56963223,-0.56198022,-0.55477833,-0.54802656,-0.54172491,-0.53542325,-0.52957172,-0.52327006,-0.51651829,-0.51021664,-0.50526534,-0.50076415,-0.49716321,-0.49131167,-0.48230931,-0.46925588,-0.45170127,-0.42874525,-0.40263839,-0.38328331,-0.38283319,-0.39858733,-0.41614194,-0.42694477,-0.43144596,-0.43054572,-0.42604454,-0.41794241,-0.40623934,-0.39363603,-0.38283319,-0.37473107,-0.36707906,-0.36167764,-0.36122752,-0.36752918,-0.38283319,-0.40173816,-0.41839253,-0.43324643,-0.44404927,-0.44810033,-0.44584974,-0.43684737,-0.41254099,-0.36257788,-0.30631311,-0.26940342,-0.25139869,-0.25770034,-0.27255424,-0.27930602,-0.27345448,-0.25995094,-0.24464692,-0.23384408,-0.23024314,-0.24059585,-0.25680011,-0.27930602,-0.31036417,-0.34007197,-0.36752918,-0.37113012,-0.3481741,-0.30631311,-0.28785826,-0.34772398,-0.41299111,-0.46835565,-0.50166439,-0.52011924,-0.52642089,-0.52191971,-0.52372018,-0.53722373,-0.55522845,-0.56333058,-0.56468093,-0.55522845,-0.54442562,-0.53272254,-0.51471782,-0.49671309,-0.47915848,-0.45890316,-0.43369655,-0.40218828,-0.36752918,-0.33016937,-0.29731074,-0.25544975,-0.20413628,-0.14111974,-0.06730036,-0.0096852349,0.080788516,0.16541073,0.28334169,0.39677147,0.5264055,0.67089343,0.83338609,1.0161341,1.2204877,1.4414957,1.689961,1.9312243,2.1765387,2.4448091,2.6545642,2.8778228,3.0079069,3.069123,3.1361906,3.1127845,2.9520923,2.8044535,2.6149538,2.5100763,2.3039221,2.0820139,1.8380498,1.5859837,1.3469709,1.1133596,0.82168302,0.61687925,0.4197275,0.19286794,-0.032641261,-0.20548664,-0.37338071,-0.51516794,-0.6704587,-0.8140464,-0.91397263,-1.0170497,-1.1106743,-1.2191527,-1.2983735,-1.3789447,-1.4451121,-1.5157806,-1.5684444,-1.6166071,-1.662069,-1.7012293,-1.7363385,-1.7741484,-1.8016057,-1.8277125,-1.8506685,-1.8695735,-1.8898288,-1.9069333,0
1.6703311,1.5367591,1.4174348,1.3043438,1.198822,1.0995334,1.0042521,0.91208741,0.82125846,0.73354618,0.65251251,0.57726695,0.50825475,0.44280448,0.3818066,0.32526112,0.27450376,0.23042501,0.19213437,0.15785089,0.12534837,0.095517294,0.069248136,0.049657577,0.037190857,0.026059858,0.012257419,0.0011264191,0.00068117911,0.013147898,0.042533737,0.095517294,0.18278433,0.31323964,0.51137143,0.82749182,1.3217082,1.9112059,2.128483,1.6302595,0.92544461,0.43657112,0.18634625,0.084386295,0.071919575,0.12445789,0.22641785,0.34930408,0.43345444,0.3929376,0.21973925,0.016264578,-0.13823369,-0.23306981,-0.28605337,-0.31454872,-0.33146784,-0.346606,-0.36307988,-0.37955376,-0.39914432,-0.42363252,-0.45034692,-0.47438988,-0.49219948,-0.50243999,-0.51000907,-0.51891387,-0.53227107,-0.54651875,-0.55631403,-0.56210215,-0.56566407,-0.56833551,-0.56967123,-0.56967123,-0.56789027,-0.56343787,-0.55675927,-0.54963543,-0.54251159,-0.53716871,-0.53227107,-0.52781867,-0.52247579,-0.51668767,-0.51089955,-0.50600191,-0.50110427,-0.49709711,-0.49264472,-0.48596612,-0.47750656,-0.46414936,-0.44633976,-0.42318728,-0.39736336,-0.37866328,-0.37910852,-0.39602764,-0.41383724,-0.42496824,-0.42942064,-0.42808492,-0.42274204,-0.41383724,-0.40270624,-0.39023952,-0.379999,-0.37198468,-0.36575132,-0.36263464,-0.36530608,-0.37287516,-0.3866776,-0.40404196,-0.41873488,-0.43253732,-0.44277784,-0.446785,-0.44544928,-0.43743496,-0.41383724,-0.36575132,-0.31009632,-0.27403189,-0.25577705,-0.26245565,-0.27714857,-0.28605337,-0.28204621,-0.26957949,-0.25666753,-0.24687225,-0.24375557,-0.25444133,-0.26957949,-0.29139625,-0.32078208,-0.34838696,-0.3733204,-0.37465612,-0.3510584,-0.31009632,-0.29184149,-0.35417508,-0.41873488,-0.47216368,-0.50511143,-0.52470199,-0.53182583,-0.52648295,-0.52648295,-0.54028539,-0.55854023,-0.56655455,-0.56744503,-0.55898547,-0.54963543,-0.53805919,-0.51980435,-0.50199475,-0.48596612,-0.46860176,-0.446785,-0.4200706,-0.38934904,-0.34927744,-0.31410348,-0.27136045,-0.22015785,-0.15648853,-0.079462017,-0.02291654,0.068357656,0.15339849,0.27316804,0.38714948,0.51805003,0.66453398,0.83016326,1.0144926,1.2206387,1.4437039,1.6966003,1.942818,2.1899261,2.4655297,2.6801354,2.9121054,3.0434512,3.0977705,3.1645565,3.1449659,2.9673151,2.8119264,2.616466,2.5149513,2.3056885,2.0786162,1.827946,1.5692616,1.3315035,1.0964168,0.79810598,0.59195987,0.39872572,0.17343429,-0.052302378,-0.22371977,-0.39246572,-0.53004487,-0.68454315,-0.82701994,-0.92363701,-1.023816,-1.1141997,-1.2219478,-1.2971934,-1.3760008,-1.4396701,-1.5077919,-1.5572135,-1.6035185,-1.6475972,-1.6858879,-1.7206166,-1.7575715,-1.7833954,-1.8092193,-1.8310361,-1.8497362,-1.869772,-1.8862458,1
1.6866173,1.5500047,1.4278676,1.3170395,1.2125444,1.1121205,1.0148632,0.91941528,0.82894334,0.74254264,0.65930846,0.58376439,0.51274392,0.44579468,0.38291668,0.3232052,0.2716362,0.22775731,0.18975909,0.15718919,0.12597638,0.096120636,0.070336133,0.053598824,0.042289832,0.03098084,0.017862409,0.0074581355,0.0074581355,0.022386005,0.053146465,0.10516783,0.18975909,0.31777689,0.50686324,0.80949188,1.2831125,1.8490145,2.0580046,1.5794081,0.90674921,0.44172344,0.20378224,0.10742963,0.097477715,0.14859436,0.2458517,0.36301286,0.4421758,0.40055871,0.23182854,0.034599717,-0.11377426,-0.20560328,-0.25807701,-0.28838511,-0.30783657,-0.32728804,-0.34854895,-0.36935749,-0.38880896,-0.41142694,-0.43675909,-0.45937707,-0.47837618,-0.49058989,-0.49828,-0.50823192,-0.52315979,-0.53899238,-0.55165845,-0.55980092,-0.56387216,-0.56658632,-0.56749104,-0.56658632,-0.56387216,-0.55753912,-0.54894429,-0.54080182,-0.53265934,-0.52587395,-0.51954091,-0.51320787,-0.50777956,-0.50235124,-0.49647057,-0.49239933,-0.48832809,-0.48516157,-0.48063798,-0.47430494,-0.46525775,-0.45259168,-0.43449729,-0.41142694,-0.3860948,-0.36800041,-0.36845277,-0.38473772,-0.40283211,-0.41549818,-0.42183122,-0.42228358,-0.4186647,-0.41142694,-0.40102267,-0.3906184,-0.3815712,-0.37297637,-0.36619097,-0.3625721,-0.36302446,-0.36890513,-0.38292828,-0.40011795,-0.4141411,-0.42771189,-0.43721145,-0.44083032,-0.44083032,-0.43449729,-0.41233166,-0.36709569,-0.31462197,-0.28024263,-0.2626006,-0.26983836,-0.28386151,-0.29200398,-0.28702803,-0.27481431,-0.26214824,-0.25264869,-0.25038689,-0.26169588,-0.27843319,-0.2996941,-0.3277404,-0.35397726,-0.38021412,-0.3815712,-0.35940558,-0.320955,-0.30286062,-0.36709569,-0.42861661,-0.4815427,-0.51456495,-0.53627822,-0.54577777,-0.54080182,-0.54125418,-0.55663441,-0.57563351,-0.58241891,-0.58468071,-0.57427643,-0.56613396,-0.55301553,-0.53175462,-0.51366023,-0.49601821,-0.47520966,-0.45078224,-0.42228358,-0.3928802,-0.3557867,-0.31914556,-0.27571903,-0.22415003,-0.16217675,-0.084823242,-0.027825921,0.066264896,0.15085616,0.273898,0.39196388,0.52540999,0.67378397,0.84115706,1.0288863,1.2369718,1.4604375,1.7128542,1.9575808,2.1991409,2.4719138,2.6818087,2.9147739,3.04822,3.0866706,3.1490962,3.1409537,2.9550339,2.7876608,2.5822895,2.4958888,2.2932317,2.0729325,1.8268488,1.5631231,1.3297055,1.0935738,0.78461209,0.58557383,0.40417759,0.17799774,-0.056776941,-0.22641183,-0.3928802,-0.52406451,-0.6823904,-0.82669314,-0.91897452,-1.0157795,-1.1076085,-1.2211508,-1.2980519,-1.3799291,-1.4468783,-1.52197,-1.5744437,-1.6219415,-1.6694393,-1.7083422,-1.7431739,-1.7829815,-1.8092184,-1.8359076,-1.858978,-1.8775247,-1.8987856,-1.9164277,1
1.679368,1.5475747,1.4273189,1.3163817,1.2103259,1.1064887,1.0084203,0.91612062,0.82648342,0.73906498,0.65830275,0.58508426,0.51541575,0.44885348,0.38672869,0.32859764,0.27712282,0.23230422,0.19236686,0.15731073,0.12536084,0.09341095,0.064123551,0.042823624,0.029067421,0.017086213,0.0042175068,-0.0064324565,-0.0073199534,0.0037737584,0.030398667,0.077436005,0.15376074,0.27046659,0.44752223,0.73240875,1.1814822,1.7255178,1.9354109,1.4752437,0.82248969,0.37385998,0.14621702,0.054361084,0.043711121,0.089860962,0.18038565,0.29309776,0.37075374,0.33436637,0.17594817,-0.010426193,-0.15153821,-0.23851291,-0.28865648,-0.31794388,-0.33658132,-0.35255626,-0.36986245,-0.38761239,-0.40713733,-0.43021225,-0.45284342,-0.4728121,-0.4865683,-0.49455578,-0.5020995,-0.51274946,-0.52739316,-0.54336811,-0.55534932,-0.56244929,-0.56644303,-0.56866177,-0.57043676,-0.57043676,-0.56866177,-0.56511178,-0.5597868,-0.55313057,-0.5469181,-0.54203686,-0.53715563,-0.5322744,-0.52783691,-0.52251193,-0.51718695,-0.51186197,-0.50698073,-0.50343074,-0.49810576,-0.49189328,-0.48346206,-0.47059336,-0.45328717,-0.43198724,-0.40846857,-0.39116238,-0.38983114,-0.40403109,-0.42000603,-0.4297685,-0.43420598,-0.43376223,-0.42932475,-0.42178103,-0.41113106,-0.40003735,-0.39027488,-0.38317491,-0.37740618,-0.37296869,-0.37341244,-0.37918117,-0.39204988,-0.40802482,-0.42133728,-0.43376223,-0.4426372,-0.44618719,-0.4444122,-0.43686847,-0.41556855,-0.3711937,-0.31971888,-0.28599399,-0.26824405,-0.27223779,-0.284219,-0.28954398,-0.28377525,-0.27090655,-0.25715034,-0.24783163,-0.24561288,-0.25759409,-0.27534403,-0.29753145,-0.32593136,-0.35211252,-0.37607493,-0.37784993,-0.35610625,-0.31750014,-0.30063769,-0.35699375,-0.41645604,-0.46615587,-0.49633077,-0.51319321,-0.51940569,-0.51452446,-0.51408071,-0.52606192,-0.54203686,-0.5469181,-0.54647435,-0.53671188,-0.52428692,-0.51141822,-0.49100579,-0.4719246,-0.45373092,-0.43376223,-0.41113106,-0.38450615,-0.35300001,-0.31084391,-0.27401278,-0.22963794,-0.17683187,-0.1102696,-0.031282371,0.026848679,0.12092335,0.2083418,0.33081638,0.44752223,0.58020302,0.72797126,0.89393319,1.0785326,1.2835444,1.5058623,1.7561365,1.9984231,2.2424848,2.5109526,2.7195144,2.9449386,3.0727382,3.125988,3.1845628,3.1592691,2.9826572,2.8269015,2.6281022,2.5224901,2.3112658,2.0849541,1.8373424,1.5795246,1.3381254,1.1029387,0.80562725,0.59839671,0.40270363,0.17594817,-0.050363555,-0.22342546,-0.39382487,-0.53316189,-0.68803011,-0.83136087,-0.92942928,-1.0292727,-1.1189099,-1.224522,-1.2990718,-1.3767277,-1.4388525,-1.504971,-1.5537834,-1.5990457,-1.6425331,-1.6802517,-1.7135328,-1.7499202,-1.7761014,-1.801395,-1.8240262,-1.8426636,-1.8630761,-1.8803823,0
1.6658107,1.531041,1.4097034,1.2973207,1.1929973,1.093599,0.99688722,0.90330957,0.81376158,0.72779552,0.64765007,0.57242976,0.50258233,0.4372123,0.37631967,0.31900896,0.26751887,0.22364036,0.18513472,0.15155423,0.12066017,0.091109336,0.06469268,0.047230822,0.036037324,0.025291566,0.012754848,0.0024568294,0.0020090894,0.016784507,0.048574042,0.10409379,0.19632822,0.33423212,0.54019249,0.87017682,1.38463,1.9931086,2.2138443,1.6989434,0.97226152,0.4663154,0.20528302,0.099616394,0.087527416,0.14304717,0.25005701,0.38079707,0.47124054,0.42915298,0.24871379,0.037380544,-0.12291035,-0.22230862,-0.27782837,-0.30782694,-0.32618428,-0.34364614,-0.36200347,-0.38080855,-0.40095685,-0.42558254,-0.4519992,-0.47617716,-0.49363901,-0.50438477,-0.51154861,-0.52050341,-0.53393561,-0.54871103,-0.55990452,-0.56662062,-0.57020254,-0.57244124,-0.57333672,-0.57333672,-0.57154576,-0.56662062,-0.55945678,-0.55229294,-0.54512911,-0.53886075,-0.53304013,-0.52766725,-0.52229437,-0.51602601,-0.50930991,-0.50393703,-0.49945963,-0.49542997,-0.49005709,-0.483341,-0.47349072,-0.45961078,-0.44170118,-0.41797097,-0.39110657,-0.37051053,-0.37051053,-0.38662917,-0.40498651,-0.41618001,-0.42065741,-0.42065741,-0.41662775,-0.40812069,-0.39647945,-0.38439047,-0.37364471,-0.36468991,-0.35797381,-0.35394416,-0.35483964,-0.36155573,-0.37722663,-0.39647945,-0.41259809,-0.42826898,-0.43991022,-0.44438762,-0.44259666,-0.43319412,-0.40812069,-0.35707834,-0.29797666,-0.25947103,-0.24066595,-0.24738205,-0.26215747,-0.27066453,-0.26618713,-0.25409815,-0.24066595,-0.23081567,-0.22812923,-0.23977047,-0.25678459,-0.28006707,-0.31051338,-0.33916874,-0.36468991,-0.36648087,-0.34275066,-0.30111084,-0.28320125,-0.34812354,-0.41618001,-0.4721475,-0.50751895,-0.52901047,-0.53751753,-0.53348787,-0.53527883,-0.55050199,-0.5697548,-0.57915734,-0.58139604,-0.57244124,-0.56259096,-0.55005425,-0.53169691,-0.51513053,-0.49945963,-0.4811023,-0.45961078,-0.4340896,-0.40453877,-0.36603313,-0.33155716,-0.28946961,-0.23797951,-0.17574366,-0.10007561,-0.041421684,0.049021782,0.13409237,0.25140023,0.36602165,0.49765719,0.64451589,0.81152288,0.99867818,1.205534,1.4307472,1.682377,1.9268431,2.1766819,2.4498033,2.662032,2.8885884,3.0224627,3.0864895,3.1455911,3.1218609,2.9544062,2.8026224,2.6029303,2.4936818,2.2841395,2.0589263,1.8135648,1.5574576,1.317469,1.0837488,0.78824041,0.58093682,0.38840865,0.16498642,-0.059779021,-0.23081567,-0.39737493,-0.53617431,-0.68930136,-0.83078718,-0.92839449,-1.029136,-1.1204749,-1.2279325,-1.304496,-1.3841937,-1.4477728,-1.5158293,-1.5668716,-1.6138843,-1.6586583,-1.6967162,-1.7311922,-1.7679069,-1.7938758,-1.8193969,-1.8413362,-1.8601413,-1.8802896,-1.8973037,0
1.6784385,1.5423305,1.420597,1.3073983,1.2022852,1.1016641,1.0046366,0.91030438,0.81731973,0.72837788,0.64617406,0.57115745,0.50018366,0.43415107,0.37305971,0.31735875,0.26794662,0.2252725,0.18709039,0.1538495,0.12375302,0.095453343,0.070298074,0.052330024,0.042447597,0.031217566,0.017292328,0.0056130958,0.0051638945,0.019987535,0.052779225,0.11207379,0.20640605,0.34745524,0.56082582,0.90266796,1.4331746,2.0593611,2.282165,1.7471663,1.0014922,0.48356321,0.21449167,0.10219136,0.086469318,0.13947506,0.24728336,0.38294213,0.47727439,0.43774468,0.25536898,0.038853987,-0.12555366,-0.22662394,-0.2827741,-0.31152298,-0.32949103,-0.34745908,-0.36542712,-0.38384438,-0.40450763,-0.4287645,-0.45886098,-0.48671146,-0.50512871,-0.51680794,-0.52444436,-0.53297919,-0.54735362,-0.56307567,-0.5738565,-0.58014531,-0.58239132,-0.58373892,-0.58508653,-0.58418813,-0.58149292,-0.5756533,-0.56711848,-0.55858366,-0.55049803,-0.54376001,-0.537022,-0.53208078,-0.52669037,-0.51950315,-0.51186673,-0.50602711,-0.5015351,-0.49794149,-0.49300028,-0.48626226,-0.47637983,-0.46200539,-0.44268974,-0.41618686,-0.38743799,-0.36767313,-0.36722393,-0.38384438,-0.40226163,-0.41439006,-0.41978047,-0.41933127,-0.41439006,-0.40540603,-0.394176,-0.38249677,-0.37126674,-0.36228272,-0.3559939,-0.35150189,-0.35329869,-0.36093511,-0.37710636,-0.39642201,-0.41169485,-0.42696769,-0.43909613,-0.44268974,-0.44179133,-0.43325651,-0.40720284,-0.35419709,-0.29310573,-0.25492362,-0.23560797,-0.24279519,-0.25851723,-0.26929806,-0.26480605,-0.25043161,-0.23695557,-0.22662394,-0.22303033,-0.23426036,-0.25088081,-0.27289167,-0.30343735,-0.33308464,-0.36093511,-0.36273192,-0.33712745,-0.29355493,-0.27423927,-0.34521307,-0.41349166,-0.47054021,-0.50557791,-0.52848717,-0.5374712,-0.53297919,-0.53387759,-0.55139644,-0.5734073,-0.58284052,-0.58688333,-0.57834851,-0.57116129,-0.55993126,-0.5397172,-0.52085075,-0.50467951,-0.48581306,-0.46290379,-0.43640092,-0.40765204,-0.36946994,-0.33353384,-0.29130892,-0.23920158,-0.17766101,-0.1026444,-0.046045046,0.044244402,0.12554983,0.24458815,0.35778686,0.48715682,0.63045201,0.79306286,0.97858297,1.1843171,1.4053241,1.6564276,1.8989963,2.141565,2.4146793,2.6276007,2.8638806,3.0008869,3.0633259,3.1280109,3.1140856,2.9357528,2.7789815,2.5781886,2.4905943,2.2920474,2.0732864,1.8257765,1.5647906,1.3330027,1.0998673,0.78991845,0.5877779,0.407199,0.18484439,-0.049189455,-0.22033513,-0.38923479,-0.52129995,-0.68031719,-0.8276552,-0.92153825,-1.0199133,-1.1115504,-1.2260967,-1.3024609,-1.3828679,-1.4475529,-1.5194251,-1.5697356,-1.6155542,-1.6609235,-1.6986564,-1.7336941,-1.773673,-1.7992775,-1.8248819,-1.847342,-1.8648608,-1.8859733,-1.903043,0
1.7452701,1.6071498,1.4806512,1.3635395,1.2540266,1.1494306,1.0488576,0.95186044,0.85799225,0.76680602,0.68232465,0.60454816,0.53213556,0.46329889,0.39893214,0.33992928,0.28673731,0.23980322,0.199127,0.16202672,0.12760839,0.094978021,0.065923583,0.04491499,0.029717284,0.015860552,0.0011098375,-0.011852912,-0.017216808,-0.0096179549,0.012731613,0.057430747,0.1320783,0.24561411,0.42083471,0.70243926,1.1476426,1.6880552,1.8941182,1.4363991,0.78915559,0.34529318,0.11956254,0.027482327,0.014966569,0.060112696,0.15040495,0.26394075,0.34574017,0.31355679,0.15934477,-0.023921678,-0.162042,-0.24652337,-0.29390445,-0.32027694,-0.3377096,-0.35246032,-0.36810502,-0.38419671,-0.40207636,-0.42487292,-0.45035142,-0.47359497,-0.49102764,-0.50220242,-0.51024827,-0.52052907,-0.5343858,-0.54868952,-0.55897032,-0.56433422,-0.56701617,-0.56880413,-0.56969811,-0.56925112,-0.56701617,-0.56254625,-0.55584138,-0.54824253,-0.54109067,-0.53572677,-0.53036288,-0.52499898,-0.52008208,-0.51516517,-0.50935428,-0.5035434,-0.49907348,-0.49505056,-0.49102764,-0.48566374,-0.47717091,-0.46554913,-0.45035142,-0.43068381,-0.40788725,-0.39090158,-0.39045458,-0.40431132,-0.41950902,-0.43023681,-0.43470673,-0.43425974,-0.43068381,-0.42353194,-0.41369813,-0.40297034,-0.39313653,-0.38598467,-0.37972679,-0.37570387,-0.37615086,-0.38196175,-0.39447751,-0.4101222,-0.42442593,-0.43694168,-0.44588151,-0.44990443,-0.44945744,-0.44230558,-0.42085,-0.37704484,-0.32698181,-0.29479844,-0.27825976,-0.28362365,-0.29748038,-0.30418525,-0.29882136,-0.28719958,-0.27423683,-0.26395603,-0.25993311,-0.26842595,-0.28272967,-0.30150331,-0.32698181,-0.35156634,-0.3739159,-0.37480989,-0.35290731,-0.31491305,-0.29837437,-0.3533543,-0.41280415,-0.46152621,-0.49058065,-0.50711933,-0.51293021,-0.5084603,-0.5084603,-0.51963508,-0.53483279,-0.54064368,-0.53974969,-0.52991588,-0.5187411,-0.50488437,-0.48521675,-0.46599612,-0.44677549,-0.42621389,-0.40207636,-0.37078696,-0.33592164,-0.29971534,-0.26753196,-0.22596177,-0.17411077,-0.11108499,-0.036437436,0.023012414,0.11419865,0.20046798,0.32026166,0.43513844,0.56565991,0.71227307,0.87810686,1.0627143,1.2683303,1.490038,1.7394592,1.9799405,2.2222098,2.4904047,2.7022786,2.9217513,3.0478029,3.1072527,3.1702785,3.1470349,2.9856711,2.8310121,2.6370178,2.5315279,2.3259118,2.1006282,1.854336,1.6004449,1.3599635,1.127081,0.83430171,0.62779171,0.43066852,0.20270294,-0.023474687,-0.19780131,-0.36765803,-0.50935428,-0.66446028,-0.80928548,-0.91030552,-1.0131135,-1.1060877,-1.2138126,-1.2915891,-1.3711536,-1.4359673,-1.505251,-1.557102,-1.6040361,-1.6496292,-1.6885175,-1.7229358,-1.7600361,-1.7868556,-1.813228,-1.8364716,-1.8552452,-1.8758068,-1.8932395,0
1.6628935,1.5299159,1.4112177,1.2996593,1.1952406,1.0961768,0.99934407,0.90697371,0.81683451,0.72848025,0.64726572,0.57408341,0.50536342,0.43932084,0.3777406,0.32196139,0.27064452,0.22512869,0.18719883,0.15417754,0.12249495,0.092151063,0.065377044,0.04529653,0.033248221,0.022984847,0.0091516038,-0.0028967048,-0.0046816394,0.0060279682,0.034140688,0.085903792,0.17158065,0.30098841,0.49643875,0.80969477,1.2978744,1.8779781,2.0961864,1.6057756,0.90920488,0.42459513,0.17604299,0.07474795,0.061807175,0.11267781,0.21129545,0.332671,0.41611669,0.37550943,0.20594064,0.0064742019,-0.14435277,-0.23806184,-0.28937871,-0.31615273,-0.33266337,-0.34738908,-0.36389973,-0.38174907,-0.40138335,-0.42637244,-0.45403893,-0.47858178,-0.49509242,-0.5053558,-0.51249553,-0.52052774,-0.53302228,-0.54640929,-0.55667267,-0.56202747,-0.5638124,-0.5651511,-0.56604357,-0.56559734,-0.56291994,-0.5584576,-0.55221033,-0.54417812,-0.53703838,-0.53123735,-0.52588254,-0.52142021,-0.51651164,-0.51160307,-0.5066945,-0.50089346,-0.49598489,-0.49196879,-0.48750645,-0.48170541,-0.47278074,-0.46073243,-0.44332932,-0.4205714,-0.39513608,-0.3768405,-0.37639427,-0.39111998,-0.40763063,-0.41878647,-0.42369504,-0.4232488,-0.41834023,-0.41030803,-0.39915219,-0.38665764,-0.37594804,-0.36791583,-0.36211479,-0.35809869,-0.35899116,-0.36523843,-0.37951791,-0.39692102,-0.4112005,-0.42592621,-0.43663581,-0.44065192,-0.43975945,-0.43128101,-0.40807686,-0.36077609,-0.30544312,-0.26974443,-0.25189508,-0.25814235,-0.2719756,-0.2800078,-0.274653,-0.26305092,-0.25100261,-0.24207794,-0.24029301,-0.25189508,-0.26751326,-0.28893247,-0.31749143,-0.34471168,-0.36925453,-0.370147,-0.34738908,-0.30633559,-0.28893247,-0.35319012,-0.4165553,-0.4709958,-0.50446333,-0.52588254,-0.53346852,-0.52855995,-0.52900618,-0.54417812,-0.561135,-0.56827474,-0.56872097,-0.56068877,-0.55131786,-0.53793085,-0.51918904,-0.50223216,-0.48572151,-0.465641,-0.44377555,-0.41834023,-0.38844258,-0.34828155,-0.31124416,-0.26795949,-0.21619639,-0.15283121,-0.073401622,-0.015391247,0.076979119,0.16220975,0.28313907,0.39915981,0.53124498,0.67984078,0.84762463,1.0359352,1.2452188,1.4692281,1.7222426,1.9685636,2.215777,2.4902107,2.6994943,2.9252885,3.0529113,3.1033357,3.1702708,3.151529,2.9676807,2.8061441,2.6093551,2.5071676,2.2969915,2.0711973,1.8208602,1.5624909,1.3237559,1.0881446,0.79050673,0.58791665,0.39514371,0.16845702,-0.056890976,-0.22645976,-0.39290492,-0.52945241,-0.68474172,-0.82664402,-0.92347673,-1.0243255,-1.1162497,-1.2242382,-1.2992055,-1.378635,-1.4428927,-1.5116127,-1.5606984,-1.6075529,-1.6521763,-1.6896599,-1.7244661,-1.7615035,-1.7869388,-1.8132666,-1.8351321,-1.8543201,-1.8744006,-1.890465,0
1.7050266,1.5699295,1.4469106,1.3323912,1.2263713,1.1234828,1.024173,0.93023125,0.83718423,0.74771594,0.66585246,0.58980441,0.51912446,0.4515759,0.38850076,0.33124105,0.27934944,0.2346153,0.19569659,0.16035662,0.12814803,0.096834131,0.068651619,0.048521254,0.036443035,0.025259498,0.01049723,-0.0011336474,-0.0029230132,0.0082605231,0.035995693,0.086992619,0.17109281,0.29858513,0.49228397,0.80318628,1.2889991,1.8700956,2.0857142,1.5909546,0.89578596,0.41713061,0.17154015,0.069098961,0.055231376,0.10712298,0.20688013,0.32989903,0.41578859,0.37776456,0.20866949,0.0082605231,-0.14383557,-0.23688259,-0.28832686,-0.31606203,-0.333061,-0.34871796,-0.36526959,-0.38271591,-0.40150425,-0.424766,-0.45160649,-0.47621027,-0.49410393,-0.50484012,-0.51244493,-0.52139176,-0.53436466,-0.5477849,-0.5585211,-0.56523122,-0.56880995,-0.57104666,-0.57238868,-0.57238868,-0.57015197,-0.5661259,-0.55986312,-0.55270566,-0.54599554,-0.53973276,-0.53436466,-0.52854922,-0.52318112,-0.51781302,-0.51199759,-0.50662949,-0.50215607,-0.49813,-0.49365659,-0.48784115,-0.47889432,-0.46636876,-0.4484751,-0.42521334,-0.39926754,-0.3804792,-0.38003186,-0.39524147,-0.41313512,-0.424766,-0.42923942,-0.42968676,-0.42521334,-0.41671386,-0.40597766,-0.39479412,-0.38450527,-0.37645313,-0.37019034,-0.36705895,-0.36929566,-0.37600578,-0.38987337,-0.40776703,-0.42297664,-0.43729156,-0.44713307,-0.45160649,-0.44981712,-0.44042295,-0.4171612,-0.36884832,-0.31293064,-0.27714332,-0.25924966,-0.26595979,-0.2811694,-0.2887742,-0.28430079,-0.27177523,-0.25835498,-0.24806613,-0.24359271,-0.25253954,-0.26819649,-0.28922154,-0.3178514,-0.34558657,-0.37153237,-0.37287439,-0.3491653,-0.30800988,-0.2887742,-0.34782327,-0.41224044,-0.46547407,-0.49813,-0.51691834,-0.5240758,-0.51915505,-0.51960239,-0.53302263,-0.55091629,-0.55807375,-0.5585211,-0.54912693,-0.53839073,-0.52631251,-0.50797151,-0.48963051,-0.47352622,-0.45563256,-0.43371283,-0.40866171,-0.37690047,-0.33619239,-0.30308913,-0.26059169,-0.20870008,-0.14517759,-0.070024231,-0.013659208,0.076256424,0.16214598,0.28024413,0.39386885,0.5249399,0.67032587,0.83405284,1.0183575,1.2241346,1.4469106,1.6965272,1.9398809,2.1877081,2.4596917,2.6717315,2.8994283,3.0296047,3.0891011,3.1553076,3.1338352,2.9665295,2.8130914,2.6158138,2.515162,2.310727,2.0839249,1.8356504,1.5793237,1.3408907,1.1091678,0.81481716,0.60680339,0.41131517,0.1849604,-0.041394378,-0.21406818,-0.38316325,-0.52362846,-0.67930329,-0.82289989,-0.92131501,-1.0228615,-1.1150139,-1.2232705,-1.3002132,-1.3793927,-1.4433625,-1.5113584,-1.5623553,-1.6093262,-1.6545077,-1.692979,-1.726977,-1.7645536,-1.7909468,-1.8168926,-1.8388123,-1.858048,-1.8781784,-1.8951774,1
1.7766357,1.6371319,1.5098573,1.3893767,1.2756901,1.1674388,1.0646226,0.96678878,0.87121959,0.77927388,0.69231045,0.61123517,0.5369539,0.46629611,0.39880887,0.3376627,0.28285762,0.23439363,0.19227071,0.15422421,0.11934825,0.086736965,0.05729622,0.035555362,0.021967325,0.0092851581,-0.0065675509,-0.020155587,-0.023779064,-0.013814504,0.0124557,0.0622785,0.14561846,0.27108132,0.46312557,0.77655628,1.269802,1.8622404,2.0855371,1.5841386,0.87801361,0.39201485,0.14380672,0.04234938,0.031026016,0.082660554,0.18411789,0.3113925,0.40197941,0.36665051,0.19544126,-0.0088322236,-0.1632829,-0.25613448,-0.30686315,-0.33358629,-0.34898607,-0.3625741,-0.37842681,-0.39654419,-0.41737918,-0.44138471,-0.46810785,-0.49166045,-0.50796609,-0.51702478,-0.52336587,-0.53151869,-0.54420085,-0.55869476,-0.56911225,-0.57545334,-0.57907681,-0.58179442,-0.58315322,-0.58315322,-0.58134149,-0.57771801,-0.57137693,-0.5632241,-0.55597715,-0.550089,-0.54465379,-0.53967151,-0.53514216,-0.52970695,-0.5238188,-0.51838359,-0.51340131,-0.50887196,-0.50479555,-0.49845447,-0.48984871,-0.47716654,-0.45904916,-0.4359495,-0.40967929,-0.38975017,-0.38839137,-0.40424408,-0.42190853,-0.43323189,-0.43640243,-0.43459069,-0.42870255,-0.41873799,-0.40560288,-0.39201485,-0.38023855,-0.37072692,-0.36302704,-0.35759182,-0.35713889,-0.36347997,-0.37706801,-0.39427952,-0.41058516,-0.42462613,-0.43549656,-0.44047884,-0.43912004,-0.43142015,-0.40832049,-0.35895063,-0.30278674,-0.26609904,-0.24752873,-0.25568155,-0.273346,-0.28149882,-0.27651654,-0.2629285,-0.24798166,-0.23711123,-0.23167602,-0.23711123,-0.25024634,-0.27108132,-0.30006914,-0.32860401,-0.35442128,-0.35759182,-0.33358629,-0.28965164,-0.26972252,-0.32950988,-0.39609126,-0.45089634,-0.48396056,-0.50298381,-0.50841903,-0.50253088,-0.50298381,-0.51566598,-0.53333043,-0.54103031,-0.54103031,-0.53242456,-0.52155413,-0.50841903,-0.49030164,-0.47309013,-0.45542568,-0.4359495,-0.41194397,-0.38159735,-0.34853313,-0.3113925,-0.27742241,-0.23575243,-0.1854767,-0.12342466,-0.048237529,0.0092851581,0.098060329,0.18321202,0.29871033,0.4110381,0.53921857,0.68279882,0.84313765,1.0211409,1.2217909,1.4391995,1.6801607,1.9156867,2.1543832,2.4175381,2.6290586,2.8469201,2.9755535,3.0407761,3.1087162,3.0905989,2.9411305,2.798909,2.6127529,2.5117485,2.3120044,2.0941429,1.8540876,1.6054265,1.3685417,1.138451,0.84540233,0.63614657,0.43685537,0.20767049,-0.021061456,-0.1986118,-0.37208573,-0.51838359,-0.67509894,-0.82184973,-0.92511881,-1.0306526,-1.1253159,-1.2331143,-1.311472,-1.3911885,-1.456864,-1.52571,-1.5782504,-1.6258085,-1.6720079,-1.7114132,-1.7467421,-1.7838827,-1.8115117,-1.8377819,-1.8608816,-1.8808107,-1.9016457,-1.9188572,1
1.7312748,1.5925395,1.466867,1.3502032,1.2420978,1.1375959,1.0366975,0.93940261,0.84616168,0.75607383,0.67184169,0.59436614,0.52184542,0.45337866,0.38986672,0.33085918,0.27815779,0.22996079,0.18942125,0.15473743,0.12275625,0.090775059,0.062847825,0.043478937,0.030866638,0.019605657,0.0042907226,-0.0096728942,-0.01192509,0.0011376479,0.029064881,0.079514078,0.16599841,0.2966258,0.49256687,0.81012654,1.3060602,1.896586,2.1164004,1.6137102,0.90471879,0.41554176,0.16599841,0.062847825,0.049334648,0.10203604,0.20653795,0.33716533,0.42950538,0.39392067,0.22365464,0.020506536,-0.13354369,-0.22813593,-0.28038688,-0.30831412,-0.32588125,-0.34344838,-0.36191639,-0.37993396,-0.40020372,-0.42452744,-0.45245468,-0.47903059,-0.49884992,-0.5123631,-0.52137188,-0.53038067,-0.54434429,-0.55965922,-0.57001932,-0.57587503,-0.57947855,-0.58173074,-0.5835325,-0.58398294,-0.58263162,-0.57857767,-0.57227152,-0.56461405,-0.55650615,-0.54929912,-0.54344341,-0.53803814,-0.53173199,-0.5249754,-0.51821881,-0.51191266,-0.50650739,-0.50290387,-0.49884992,-0.49209333,-0.48308455,-0.47047225,-0.45245468,-0.4285814,-0.40245592,-0.38353747,-0.38218615,-0.39795153,-0.4159691,-0.42723008,-0.43173447,-0.43083359,-0.42587876,-0.41732042,-0.40605944,-0.3929967,-0.38218615,-0.37362781,-0.36642078,-0.36056507,-0.36011463,-0.36642078,-0.38128528,-0.40065416,-0.41732042,-0.43263535,-0.44389633,-0.44795029,-0.44479721,-0.43578843,-0.41146471,-0.36101551,-0.30426016,-0.26732415,-0.2484057,-0.25471185,-0.27002678,-0.27723381,-0.27047722,-0.2565136,-0.24164911,-0.23128901,-0.22723505,-0.23624384,-0.25245965,-0.27543205,-0.3069628,-0.33714223,-0.3655199,-0.36867298,-0.34570058,-0.30380973,-0.28489128,-0.34434926,-0.41101427,-0.46686873,-0.50020124,-0.51866925,-0.5249754,-0.520471,-0.52137188,-0.5353355,-0.55425395,-0.56191142,-0.56326273,-0.55425395,-0.54299297,-0.53218243,-0.51416486,-0.49569685,-0.47812972,-0.45831039,-0.43398667,-0.40245592,-0.36732166,-0.32948476,-0.29705314,-0.25606316,-0.20516353,-0.14075072,-0.066878679,-0.0096728942,0.079063638,0.16329578,0.28131086,0.39437111,0.52364718,0.6673373,0.82994587,1.0119233,1.2155219,1.4366875,1.6857804,1.9258646,2.1686513,2.4362122,2.6470178,2.8704357,3.0019639,3.0654759,3.1325913,3.1118711,2.9528661,2.8024194,2.6132349,2.5100843,2.3055849,2.0817165,1.8384794,1.5862334,1.3470501,1.1155244,0.82499104,0.61823942,0.42049659,0.19392565,-0.030843539,-0.20471309,-0.37452869,-0.51596661,-0.67046728,-0.81460784,-0.91550623,-1.0186568,-1.1118977,-1.220904,-1.2997309,-1.3803595,-1.4465741,-1.5168426,-1.5699945,-1.6181915,-1.6636858,-1.7033245,-1.7380083,-1.7753948,-1.803322,-1.8294475,-1.8519694,-1.8708879,-1.8911576,-1.9087248,0
1.6630421,1.5274933,1.40626,1.2935264,1.1888453,1.089085,0.99200885,0.8980642,0.80769839,0.72001672,0.63815067,0.56478437,0.49589163,0.43102509,0.37152681,0.31516002,0.26550356,0.22300479,0.18542693,0.15321734,0.12324452,0.092824349,0.067325087,0.049878223,0.038246981,0.028405161,0.016326563,0.0073794535,0.0096162309,0.025721028,0.058825333,0.11653419,0.20824206,0.34692226,0.55583726,0.89224858,1.4156545,2.033005,2.2584722,1.7323822,0.9924562,0.47755005,0.21226826,0.10356088,0.08969286,0.14337552,0.25029347,0.38360541,0.47576063,0.43415657,0.25253025,0.038694337,-0.12324834,-0.2221139,-0.27803334,-0.30934822,-0.32992657,-0.3487155,-0.36929385,-0.38942485,-0.41223998,-0.4381866,-0.46368586,-0.48605363,-0.50215843,-0.51200025,-0.51915794,-0.52810505,-0.54242042,-0.55807786,-0.56970911,-0.57686679,-0.58089299,-0.58357713,-0.58447184,-0.58402448,-0.58089299,-0.57507737,-0.56747233,-0.55897257,-0.55136753,-0.54510455,-0.540631,-0.5366048,-0.53078918,-0.52497356,-0.51915794,-0.51289496,-0.50663198,-0.50036901,-0.49321132,-0.48426421,-0.47263297,-0.45697553,-0.43639717,-0.41134527,-0.38360923,-0.36303088,-0.36258352,-0.37913567,-0.39747725,-0.4100032,-0.41581882,-0.41537147,-0.41089791,-0.40284551,-0.39166163,-0.38003039,-0.3688465,-0.35989939,-0.35363641,-0.35050492,-0.3527417,-0.35989939,-0.37466212,-0.39255634,-0.40821378,-0.42252916,-0.43281833,-0.43639717,-0.4341604,-0.42431858,-0.39926667,-0.34737344,-0.28832251,-0.25074465,-0.23195572,-0.24045548,-0.25745499,-0.26729681,-0.26371796,-0.25119201,-0.23777135,-0.22882424,-0.22658746,-0.23732399,-0.25387614,-0.27669127,-0.30666409,-0.33440013,-0.35855732,-0.35989939,-0.33574219,-0.29458549,-0.27803334,-0.34424195,-0.41492411,-0.47218561,-0.50797405,-0.52989447,-0.53749951,-0.53213125,-0.53302596,-0.54823604,-0.56791968,-0.57686679,-0.57955093,-0.57149853,-0.56210406,-0.54913075,-0.53034182,-0.51378967,-0.49813223,-0.48113272,-0.46055437,-0.43550246,-0.405977,-0.36795179,-0.33305806,-0.29100665,-0.24090283,-0.17827307,-0.1035647,-0.047197914,0.041825825,0.12682336,0.24492521,0.35900085,0.49052336,0.6368086,0.80277748,0.98932472,1.1964503,1.420128,1.6710945,1.9135611,2.1609487,2.4333882,2.6476715,2.8762701,3.0109241,3.0775801,3.1397625,3.1200788,2.9518732,2.7957461,2.6015938,2.491097,2.2830767,2.0602937,1.8151429,1.5579135,1.3172363,1.0864009,0.7915936,0.58267859,0.38986838,0.16753271,-0.058829156,-0.23240308,-0.40016138,-0.53973629,-0.69317922,-0.83633297,-0.93475117,-1.0354062,-1.1266667,-1.2331373,-1.3087403,-1.3865802,-1.4501047,-1.5176554,-1.5677592,-1.6138368,-1.658125,-1.6957028,-1.7301492,-1.7668323,-1.792779,-1.8178309,-1.8401986,-1.8589876,-1.8786712,-1.8956707,1
1.7153003,1.5782189,1.4563191,1.3433497,1.2370781,1.1339321,1.0356978,0.94103574,0.84905275,0.7601954,0.67758931,0.59989495,0.52800533,0.4605809,0.39762167,0.33912764,0.28599183,0.2391073,0.19936708,0.16364553,0.1306031,0.099346741,0.071216022,0.050229612,0.036834031,0.024778008,0.010042869,-0.0029061923,-0.0060318278,0.0046846369,0.031029279,0.07969989,0.16141293,0.28465228,0.47129737,0.77269794,1.2455619,1.8126415,2.0265243,1.546516,0.86825308,0.40074731,0.16141293,0.063178673,0.050229612,0.099793261,0.19624144,0.31501559,0.39717516,0.35832797,0.19222277,-0.0042457503,-0.15249018,-0.24268709,-0.29269726,-0.31993494,-0.33645615,-0.35119129,-0.36681947,-0.38289417,-0.40075494,-0.42308091,-0.44942555,-0.4735376,-0.49184489,-0.50300788,-0.51059871,-0.51908257,-0.53203163,-0.54632025,-0.5565902,-0.56239495,-0.56596711,-0.5681997,-0.56998578,-0.5704323,-0.5681997,-0.56373451,-0.55748324,-0.55078545,-0.54319462,-0.53694335,-0.5311386,-0.52533384,-0.51997561,-0.51372434,-0.50747307,-0.50256136,-0.49809616,-0.49452401,-0.49095185,-0.4851471,-0.47710975,-0.46550025,-0.44942555,-0.4275461,-0.40298754,-0.38557328,-0.38557328,-0.40164798,-0.41950876,-0.43022522,-0.43424389,-0.43335086,-0.42888566,-0.42129483,-0.41102489,-0.39941538,-0.38959196,-0.38155461,-0.37530334,-0.37173118,-0.37307074,-0.37976853,-0.39316411,-0.41013185,-0.42486699,-0.43870909,-0.44942555,-0.45389075,-0.45210467,-0.44406732,-0.42174135,-0.37530334,-0.3212745,-0.28644599,-0.26947825,-0.27617604,-0.29091118,-0.29850201,-0.29269726,-0.28064123,-0.26769217,-0.25786875,-0.25340355,-0.2614409,-0.27662256,-0.29671593,-0.32484665,-0.35253085,-0.37753594,-0.37976853,-0.35699605,-0.31636278,-0.29850201,-0.35654953,-0.41861572,-0.46951892,-0.5012218,-0.51952909,-0.52578036,-0.51997561,-0.51997561,-0.53247815,-0.54899937,-0.5565902,-0.55748324,-0.54855285,-0.53694335,-0.52444081,-0.50613351,-0.4896123,-0.47219804,-0.45165815,-0.42665307,-0.39495019,-0.36146124,-0.32529317,-0.29269726,-0.25117096,-0.20116079,-0.14088067,-0.064972383,-0.0073713859,0.081932486,0.16632465,0.28465228,0.39806819,0.52934489,0.6749102,0.83922932,1.0231953,1.2290407,1.4527469,1.7036908,1.9488299,2.1957551,2.4658994,2.6797821,2.9052744,3.0374441,3.0986173,3.1615765,3.1396971,2.9726988,2.8222218,2.6266463,2.5235004,2.3189945,2.0952883,1.8479166,1.592061,1.3536196,1.119197,0.82360114,0.61686268,0.4212872,0.19356233,-0.032822989,-0.20473294,-0.37396378,-0.51417086,-0.66866656,-0.81199927,-0.91068005,-1.0124865,-1.1053625,-1.2138667,-1.290668,-1.3710415,-1.4357868,-1.5049973,-1.556347,-1.6041246,-1.6496696,-1.6880703,-1.7228988,-1.7604064,-1.786751,-1.8130957,-1.8354216,-1.854622,-1.8747154,-1.8916831,1
1.713952,1.5796041,1.4555907,1.3414624,1.2345233,1.1325268,1.0345742,0.93886815,0.84585809,0.75509466,0.6715204,0.59513533,0.52369282,0.45629423,0.39338888,0.33407812,0.28375383,0.24016941,0.20152755,0.16737893,0.13637558,0.10716952,0.080659409,0.060439832,0.048308085,0.036625662,0.020000676,0.0078689297,0.0078689297,0.023595268,0.053250649,0.10357493,0.18625054,0.31206124,0.5007773,0.79688178,1.2551922,1.8011208,2.0051139,1.5400636,0.88360131,0.43382803,0.20557147,0.11031479,0.095037776,0.13907152,0.23073361,0.34531122,0.42169629,0.37676389,0.20961538,0.019102028,-0.12198569,-0.20780657,-0.25588423,-0.28553961,-0.30665783,-0.32687741,-0.34574902,-0.3641713,-0.3848402,-0.41000234,-0.43786043,-0.46212392,-0.47874891,-0.48908336,-0.49672187,-0.50660699,-0.52188401,-0.53895832,-0.55243803,-0.56052587,-0.56412046,-0.56591775,-0.56726573,-0.56771505,-0.56591775,-0.56187384,-0.55648195,-0.55064074,-0.5443502,-0.53850899,-0.53356643,-0.52772522,-0.52143468,-0.51514415,-0.50795496,-0.50211375,-0.49762051,-0.49447525,-0.49043133,-0.48459012,-0.47740094,-0.46616784,-0.44999217,-0.42932327,-0.40595843,-0.38933344,-0.39023209,-0.40595843,-0.42258341,-0.43246854,-0.43696178,-0.43651246,-0.43201922,-0.42438071,-0.41494491,-0.40371181,-0.39292803,-0.38528953,-0.37989764,-0.37675237,-0.37765102,-0.38439088,-0.39697195,-0.41179964,-0.42527936,-0.43830975,-0.4486442,-0.45223879,-0.45089082,-0.44325232,-0.42168477,-0.37720169,-0.32597876,-0.29362744,-0.27700245,-0.28374231,-0.29767136,-0.30396189,-0.29857,-0.28553961,-0.27250921,-0.26217476,-0.25813085,-0.26576936,-0.27924907,-0.29991798,-0.32732674,-0.35383685,-0.37854967,-0.38034696,-0.35833009,-0.31968823,-0.30261392,-0.36012738,-0.42168477,-0.4729077,-0.5048097,-0.52413063,-0.53131981,-0.52682657,-0.52817454,-0.54120494,-0.5573806,-0.56412046,-0.56412046,-0.5555833,-0.54479953,-0.53131981,-0.51334685,-0.49582322,-0.47829958,-0.45763068,-0.43336719,-0.40191451,-0.36911386,-0.3340666,-0.29991798,-0.25813085,-0.20690792,-0.14400257,-0.068516142,-0.010104028,0.080659409,0.16558164,0.28510181,0.39923009,0.52998336,0.67511499,0.83911824,1.0228917,1.2282328,1.4506481,1.7018202,1.9444552,2.1915833,2.4620763,2.6728093,2.9010658,3.0336164,3.0933765,3.1562818,3.1324677,2.9621739,2.8058092,2.6143972,2.5110527,2.3030157,2.0783537,1.8312255,1.5769082,1.3378678,1.1028714,0.80811488,0.60367249,0.40731792,0.17996,-0.04560062,-0.21903966,-0.38843479,-0.52817454,-0.68274198,-0.825627,-0.92447826,-1.0264748,-1.1199342,-1.2282213,-1.3050556,-1.384586,-1.4492886,-1.5180352,-1.5688088,-1.6159878,-1.6609202,-1.6995621,-1.7346093,-1.7719032,-1.7984133,-1.8244741,-1.8469403,-1.8662613,-1.8869302,-1.9035551,1
1.781622,1.641665,1.5139373,1.3943625,1.2820346,1.174689,1.0705139,0.97041528,0.87394012,0.7806355,0.69367197,0.61440833,0.53967405,0.46946912,0.40379353,0.34174143,0.28648336,0.23847224,0.19680222,0.16011448,0.12614435,0.092627154,0.06273344,0.042804298,0.029216246,0.016987,0.0015872083,-0.012000843,-0.016077259,-0.0056597525,0.021063415,0.069980401,0.15196165,0.27515998,0.4640339,0.7729356,1.2598408,1.8445799,2.060177,1.5628543,0.86669316,0.38748787,0.14199707,0.041898428,0.029216246,0.078133232,0.17687307,0.30188315,0.39337603,0.36121764,0.19499048,-0.0047538824,-0.15648712,-0.24979174,-0.30052047,-0.32814951,-0.34671985,-0.36393138,-0.38204878,-0.39971325,-0.41873652,-0.44138327,-0.46584176,-0.48848852,-0.50434124,-0.51339994,-0.51974104,-0.52789387,-0.54057605,-0.55506997,-0.56548748,-0.57046976,-0.57364031,-0.57545205,-0.57545205,-0.57454618,-0.5722815,-0.56729922,-0.56050519,-0.55280529,-0.5451054,-0.53876431,-0.53378202,-0.52879974,-0.52336452,-0.5179293,-0.5115882,-0.50570005,-0.50026483,-0.49618841,-0.49120613,-0.48486504,-0.47580634,-0.46221828,-0.44455382,-0.42326587,-0.39926031,-0.38068997,-0.3797841,-0.39473096,-0.41194249,-0.42236,-0.42643641,-0.42598348,-0.42236,-0.4146601,-0.40378966,-0.39110748,-0.38068997,-0.37208421,-0.36438431,-0.35894909,-0.35804322,-0.36347844,-0.37706649,-0.3951839,-0.41148956,-0.42643641,-0.43775979,-0.44228914,-0.44093034,-0.43323044,-0.40967782,-0.3603079,-0.30459689,-0.26926795,-0.25115055,-0.25930338,-0.27742078,-0.28693242,-0.28376187,-0.27153263,-0.25794458,-0.24752707,-0.24390359,-0.25250936,-0.26655034,-0.28738535,-0.31501439,-0.34128463,-0.36664899,-0.36981953,-0.34581398,-0.30278515,-0.28330894,-0.34173756,-0.40786608,-0.46221828,-0.49301787,-0.50977646,-0.51430581,-0.50841766,-0.50887059,-0.52245865,-0.53967018,-0.54737007,-0.54737007,-0.53831137,-0.526988,-0.51430581,-0.49573548,-0.47852395,-0.46357709,-0.44636556,-0.42598348,-0.40061912,-0.37163127,-0.33901995,-0.30822037,-0.26790915,-0.21853923,-0.15784593,-0.084923386,-0.0269477,0.061374635,0.14562055,0.26293073,0.37661743,0.50615685,0.65154901,0.81596443,1.000309,1.2054886,1.4269738,1.6751822,1.9152378,2.1593698,2.4279603,2.6376692,2.8573427,2.9905056,3.0548224,3.1195921,3.0983042,2.9479297,2.8070669,2.6227223,2.5185473,2.3169912,2.1004882,1.8613385,1.614036,1.376698,1.1457011,0.85854032,0.65336075,0.45588106,0.23031941,0.0043048186,-0.17233985,-0.34536104,-0.492112,-0.6510922,-0.80056077,-0.9056417,-1.0129873,-1.1094625,-1.2208845,-1.3024128,-1.384847,-1.4523343,-1.5225392,-1.5755326,-1.6239967,-1.6701961,-1.7096014,-1.7449303,-1.7829769,-1.8106059,-1.8373291,-1.8608817,-1.8803579,-1.9011929,-1.9188574,0
1.6829107,1.54589,1.4246968,1.3134523,1.208991,1.1090518,1.0127303,0.91866987,0.82687052,0.74049773,0.65819487,0.58177078,0.5121299,0.44520229,0.3818924,0.32265243,0.27019566,0.22542652,0.18744058,0.15397678,0.12277404,0.09428459,0.069412845,0.05087209,0.040018965,0.029618054,0.016503862,0.0056507367,0.0042940961,0.017860502,0.049063236,0.10197222,0.18698836,0.31451258,0.50625112,0.81104304,1.2840584,1.8488731,2.0596046,1.5829716,0.90736453,0.43977573,0.20191141,0.10558993,0.096093444,0.148098,0.24622834,0.36380386,0.44339344,0.40178979,0.23266193,0.03549683,-0.11282921,-0.20508077,-0.25753754,-0.28783585,-0.30863767,-0.32808285,-0.34798025,-0.36832986,-0.38867947,-0.41083793,-0.43525746,-0.45877257,-0.47686111,-0.48907087,-0.49721072,-0.50715941,-0.52208246,-0.53836215,-0.55057191,-0.55871176,-0.56368611,-0.56549496,-0.5668516,-0.56639939,-0.56278168,-0.5569029,-0.54876306,-0.53926657,-0.53067452,-0.52389131,-0.51846475,-0.5134904,-0.50761163,-0.50173285,-0.49630629,-0.49133194,-0.48771423,-0.48364431,-0.47866996,-0.47279118,-0.46284249,-0.44927608,-0.43209197,-0.40948129,-0.38596619,-0.36832986,-0.36787764,-0.38370512,-0.40134145,-0.41355121,-0.4198822,-0.42078663,-0.41716892,-0.4099335,-0.40043702,-0.39003611,-0.38053962,-0.37194757,-0.36471215,-0.36019001,-0.36109444,-0.36742543,-0.38144405,-0.39908038,-0.413099,-0.42576098,-0.43616189,-0.44113624,-0.44113624,-0.43390082,-0.41174236,-0.36697322,-0.31451645,-0.279696,-0.2629641,-0.27019952,-0.28331371,-0.29190577,-0.28738363,-0.27517387,-0.26251189,-0.25391983,-0.25211098,-0.26386853,-0.279696,-0.30095004,-0.32853507,-0.35476345,-0.38008741,-0.38144405,-0.35928559,-0.32084744,-0.30321111,-0.36697322,-0.42802204,-0.48138324,-0.51529926,-0.53745772,-0.54650199,-0.54243207,-0.54288428,-0.55871176,-0.57815694,-0.58539236,-0.58584457,-0.57634808,-0.56775603,-0.55373741,-0.53248337,-0.51529926,-0.49901957,-0.47731332,-0.45244158,-0.42530876,-0.39501046,-0.35612009,-0.32084744,-0.27743494,-0.22497817,-0.16392934,-0.088409679,-0.030074133,0.063986283,0.14900243,0.27110008,0.38822339,0.52162638,0.66995242,0.83817586,1.0253923,1.2352193,1.4586128,1.7082347,1.9551433,2.2015997,2.4715712,2.6800416,2.9133838,3.047239,3.0987913,3.1580313,3.142656,2.9509175,2.7903817,2.5923122,2.5005128,2.2961123,2.0736232,1.8276191,1.5635264,1.3292798,1.0977464,0.78888458,0.58629292,0.40631193,0.18201402,-0.052232596,-0.22316931,-0.39139275,-0.52253467,-0.68080941,-0.82551774,-0.9177693,-1.0149952,-1.1063423,-1.2189435,-1.296272,-1.3785749,-1.4445981,-1.5192133,-1.5725745,-1.6209614,-1.6684438,-1.7068819,-1.7421546,-1.7824016,-1.80863,-1.8348584,-1.8583735,-1.8769142,-1.897716,-1.9153524,1
1.7012038,1.5667162,1.4442922,1.3312511,1.224912,1.1221473,1.0238507,0.93002209,0.8384275,0.74906692,0.66640839,0.59089871,0.52119746,0.45373023,0.39073102,0.33264665,0.28037071,0.23390321,0.19458456,0.16062754,0.12845774,0.097628337,0.070373362,0.04982043,0.036863146,0.02658668,0.011842186,-0.00066829489,-0.0033491121,0.0069273539,0.033735526,0.084224251,0.16732958,0.2942216,0.48590003,0.79374721,1.2749539,1.8486488,2.0617738,1.576099,0.88846942,0.41262436,0.16822319,0.069032953,0.057416078,0.1079048,0.20664824,0.32773182,0.41083715,0.3715185,0.20307381,0.0051401424,-0.14453882,-0.23658021,-0.28706894,-0.31432391,-0.33130242,-0.34738732,-0.36436583,-0.38134434,-0.40055687,-0.42423742,-0.45059879,-0.47472614,-0.49170465,-0.50153431,-0.50912996,-0.51806602,-0.5305765,-0.54487419,-0.55559746,-0.5609591,-0.56453352,-0.56676753,-0.56810794,-0.56810794,-0.56587393,-0.5614059,-0.55470386,-0.54755501,-0.54040616,-0.53415092,-0.52923609,-0.52432126,-0.51940643,-0.51359799,-0.50734275,-0.50242792,-0.49795989,-0.49393867,-0.48991744,-0.4836622,-0.47517295,-0.46310927,-0.44613076,-0.42423742,-0.39921646,-0.38045074,-0.38045074,-0.39653564,-0.41351415,-0.42423742,-0.42915225,-0.42915225,-0.42513102,-0.41708857,-0.4059185,-0.39430163,-0.38402516,-0.37598271,-0.36972747,-0.36659985,-0.36883386,-0.3755359,-0.38849319,-0.4059185,-0.4211098,-0.43496069,-0.44523715,-0.44925838,-0.44791797,-0.43987552,-0.41708857,-0.37017427,-0.31611112,-0.2808137,-0.26338838,-0.27009043,-0.28528172,-0.29332418,-0.28885615,-0.27679247,-0.26383519,-0.25355872,-0.2499843,-0.25892035,-0.27321805,-0.29421778,-0.32191956,-0.34783413,-0.37196148,-0.37285509,-0.35051494,-0.30985588,-0.29198377,-0.35230216,-0.41574816,-0.4684709,-0.50064071,-0.52030004,-0.52744888,-0.52208725,-0.52208725,-0.53593814,-0.55470386,-0.5618527,-0.56229951,-0.55336345,-0.54308698,-0.5305765,-0.51225758,-0.49483227,-0.47785376,-0.45998165,-0.43898191,-0.41351415,-0.38223795,-0.34068528,-0.30672826,-0.26472879,-0.21289966,-0.14811324,-0.072156754,-0.014965987,0.075288193,0.16062754,0.28037071,0.39475225,0.52611229,0.67311044,0.8393211,1.0251911,1.2325076,1.4563559,1.7074591,1.9523071,2.1989422,2.4705984,2.6819361,2.9098056,3.0425061,3.0979096,3.1609088,3.1390155,2.9652092,2.8124026,2.6162561,2.5148319,2.3084089,2.0823267,1.8352447,1.5778863,1.3383999,1.1051688,0.81117252,0.6051964,0.40994354,0.1847549,-0.040433751,-0.21334646,-0.38223795,-0.52164044,-0.67623424,-0.81965796,-0.91795459,-1.0193788,-1.1114202,-1.2195465,-1.2959498,-1.3759275,-1.440714,-1.5095216,-1.5604571,-1.6073714,-1.6524985,-1.6909236,-1.7253274,-1.7628588,-1.7887734,-1.814688,-1.8370281,-1.8562406,-1.8763468,-1.8928785,1
1.6711099,1.537955,1.4172695,1.3041547,1.1981652,1.0984104,1.0026636,0.90869818,0.81829539,0.73190061,0.65084983,0.57647906,0.50700697,0.44198822,0.3800868,0.32219339,0.27187066,0.2277826,0.18903854,0.15519317,0.12357446,0.092846415,0.066126379,0.046531686,0.034953004,0.025155658,0.012686308,0.0028889611,0.0033342951,0.016248979,0.045641019,0.10130776,0.19171055,0.32575606,0.52927367,0.85882078,1.3718455,1.9783903,2.2001666,1.6871419,0.96213825,0.45802024,0.19928122,0.094627751,0.083049069,0.13693447,0.24247862,0.37162546,0.45980157,0.41794018,0.23936128,0.027827661,-0.13249255,-0.23135669,-0.28613276,-0.31597013,-0.33333816,-0.34847951,-0.36495687,-0.38232489,-0.40236492,-0.42774895,-0.45491432,-0.47807168,-0.49365837,-0.50301038,-0.51058106,-0.51993307,-0.53373843,-0.54887978,-0.5609038,-0.56802914,-0.57292781,-0.57559982,-0.57649048,-0.57649048,-0.57426381,-0.57070114,-0.5649118,-0.55823179,-0.55199712,-0.54620778,-0.54175444,-0.5373011,-0.53240242,-0.52705842,-0.52126908,-0.5163704,-0.51147173,-0.50657306,-0.50167438,-0.49454904,-0.48475169,-0.47050101,-0.45135165,-0.42730362,-0.40058358,-0.38054355,-0.38098889,-0.39746624,-0.41483427,-0.42596761,-0.43042095,-0.42908495,-0.42240494,-0.41216226,-0.40013825,-0.38722356,-0.37519955,-0.36629287,-0.36050353,-0.35783152,-0.35961286,-0.36718354,-0.38232489,-0.40013825,-0.4152796,-0.42953029,-0.4402183,-0.44378097,-0.44199964,-0.43309296,-0.40904492,-0.35783152,-0.29949278,-0.26208473,-0.24382604,-0.25095138,-0.2669834,-0.27633541,-0.27188207,-0.25941272,-0.24560737,-0.23447402,-0.23135669,-0.24249003,-0.25896739,-0.28212475,-0.31240746,-0.3404635,-0.36584753,-0.36762887,-0.34269017,-0.30038345,-0.28257009,-0.34714351,-0.41438893,-0.46961034,-0.50390105,-0.52394108,-0.53106642,-0.52572241,-0.52616775,-0.54086377,-0.56045846,-0.56891981,-0.57070114,-0.56179446,-0.55199712,-0.5399731,-0.52171441,-0.50523705,-0.48920503,-0.47094634,-0.44912498,-0.42285028,-0.3916769,-0.35204218,-0.31641547,-0.27232741,-0.219778,-0.15520458,-0.079497816,-0.021159071,0.070134385,0.15519317,0.27365199,0.38765748,0.51769499,0.66153784,0.8249754,1.008453,1.2128613,1.4337469,1.6822432,1.9249502,2.1738919,2.4451002,2.6579699,2.8877622,3.0231437,3.0872718,3.1465012,3.1269065,2.9594609,2.8044847,2.6072018,2.498095,2.2870067,2.0598864,1.8153981,1.5611124,1.3206321,1.0868317,0.79157535,0.58226841,0.38943881,0.16588118,-0.062129793,-0.23536469,-0.40325558,-0.5426451,-0.69717598,-0.8405735,-0.93854697,-1.0387471,-1.1291499,-1.2338034,-1.3086195,-1.3852169,-1.446673,-1.5121371,-1.5615691,-1.6074385,-1.6510813,-1.6884893,-1.7223347,-1.7584067,-1.7842361,-1.8100655,-1.8318868,-1.8505909,-1.8701856,-1.8866629,1
1.686264,1.5480411,1.4241789,1.31378,1.2083177,1.1059968,1.0086124,0.91392067,0.82237038,0.73396152,0.6504892,0.5759924,0.50598335,0.43911574,0.37718466,0.32019012,0.26992721,0.22415207,0.18376224,0.15055282,0.12048483,0.089968067,0.062143959,0.042846594,0.029832092,0.018163918,0.0047006402,-0.006518758,-0.0087626377,0.0015592087,0.030280868,0.083236428,0.16850385,0.29685377,0.49252007,0.80935588,1.3043557,1.8985351,2.1197816,1.6198452,0.91481822,0.42655001,0.17613304,0.073363357,0.060797631,0.11330441,0.21472777,0.34038503,0.42969144,0.39378937,0.22325452,0.020856574,-0.13262479,-0.22731651,-0.2798233,-0.30899373,-0.32739355,-0.34444703,-0.3637444,-0.38438809,-0.40592933,-0.43106079,-0.45798734,-0.48356757,-0.50151861,-0.51228923,-0.51991842,-0.52754761,-0.53966456,-0.55402539,-0.56524479,-0.57018132,-0.5724252,-0.57422031,-0.57601541,-0.57556664,-0.5724252,-0.56703989,-0.55985948,-0.55223029,-0.5446011,-0.53786946,-0.53248415,-0.52709883,-0.52126475,-0.51587944,-0.51004535,-0.50421126,-0.4997235,-0.49568452,-0.49074798,-0.48356757,-0.47324572,-0.45843612,-0.43913875,-0.41490485,-0.3879783,-0.36823216,-0.3673346,-0.38304176,-0.40054402,-0.41266097,-0.41894384,-0.41984139,-0.41625118,-0.40951954,-0.3991977,-0.3879783,-0.37810523,-0.37002726,-0.36284685,-0.35835909,-0.35835909,-0.3637444,-0.37765645,-0.39695382,-0.41266097,-0.42747058,-0.4382412,-0.44183141,-0.44048508,-0.43150956,-0.40727566,-0.35835909,-0.30226209,-0.26591124,-0.24751143,-0.25424307,-0.26815512,-0.27713064,-0.27264288,-0.26007716,-0.24751143,-0.23808714,-0.23449693,-0.24706266,-0.26411614,-0.28475983,-0.31393027,-0.34220315,-0.36912971,-0.37092481,-0.34758846,-0.30630108,-0.28655494,-0.352525,-0.41669996,-0.46965552,-0.50421126,-0.52620128,-0.53427925,-0.52889394,-0.52844516,-0.54325477,-0.56300091,-0.5706301,-0.57197643,-0.56300091,-0.55402539,-0.54011334,-0.51857209,-0.49927473,-0.48267002,-0.46337265,-0.43958753,-0.41176342,-0.38079788,-0.34265193,-0.30854496,-0.26636002,-0.21519956,-0.15192216,-0.076976579,-0.021328364,0.070670702,0.15414302,0.27441497,0.38885283,0.52034418,0.66664513,0.83403856,1.0211781,1.2294101,1.4542469,1.7060102,1.9496955,2.1960735,2.4657878,2.6767125,2.9046907,3.0352845,3.0936254,3.1591466,3.1461321,2.9603389,2.7992283,2.5972792,2.5007924,2.299292,2.0784942,1.8339113,1.5749676,1.3389115,1.1073431,0.80082914,0.59753364,0.41667694,0.19228898,-0.042420832,-0.21295569,-0.38124666,-0.51453311,-0.67339979,-0.82149584,-0.91663634,-1.015367,-1.1082637,-1.221804,-1.2985447,-1.3784268,-1.4426017,-1.5153034,-1.5664639,-1.6126878,-1.6589117,-1.6970577,-1.7311647,-1.7711057,-1.7966859,-1.8227149,-1.8456025,-1.8635535,-1.884646,-1.9012507,0
1.6565184,1.5244634,1.4049424,1.2939267,1.1896256,1.089801,0.99355749,0.90179046,0.81226164,0.72497105,0.64260454,0.56829562,0.50025373,0.43534534,0.3740181,0.3171673,0.26792645,0.22405734,0.18690288,0.15422486,0.12288978,0.093792911,0.068277199,0.051266724,0.040523266,0.030227453,0.017693419,0.0073976052,0.0065023171,0.019931639,0.052162012,0.11035574,0.204361,0.34536888,0.55665688,0.89283758,1.4103141,2.020453,2.2389033,1.7182932,0.98773812,0.47787152,0.21376152,0.10498401,0.091107046,0.14527198,0.25225891,0.38252334,0.47115686,0.42952596,0.25002069,0.038285046,-0.12197153,-0.22045323,-0.2750658,-0.30461031,-0.32341136,-0.33997419,-0.35922289,-0.37981452,-0.40130143,-0.42681714,-0.45501872,-0.47963914,-0.49754491,-0.50784072,-0.51500302,-0.52306062,-0.53514701,-0.54991926,-0.56021508,-0.56513916,-0.56782502,-0.56916796,-0.57051089,-0.57095853,-0.56916796,-0.56469152,-0.5584245,-0.55126219,-0.54365224,-0.53738523,-0.53156585,-0.52664177,-0.52171769,-0.51634596,-0.51052658,-0.5056025,-0.50112606,-0.49709726,-0.49306846,-0.48724909,-0.47784857,-0.4639716,-0.44561819,-0.42144541,-0.39413913,-0.37399514,-0.37399514,-0.39100562,-0.40891138,-0.42055013,-0.42457892,-0.42323599,-0.41741662,-0.40846374,-0.39682499,-0.38384331,-0.37265221,-0.36459462,-0.35787996,-0.35340352,-0.35519409,-0.3623564,-0.37757629,-0.39637735,-0.41249253,-0.42816007,-0.44024646,-0.44472291,-0.44337997,-0.43397945,-0.40846374,-0.35698467,-0.29744801,-0.25895062,-0.23970192,-0.24686423,-0.26163648,-0.27014172,-0.26476999,-0.25089302,-0.2374637,-0.22806318,-0.22537731,-0.23701606,-0.25402653,-0.27730402,-0.30819146,-0.33863126,-0.36593755,-0.36817577,-0.34400299,-0.30102916,-0.28222811,-0.34937472,-0.4151784,-0.47113391,-0.50649779,-0.52977528,-0.53783287,-0.53290879,-0.53425172,-0.55036691,-0.57006324,-0.57946377,-0.58170199,-0.57409204,-0.56782502,-0.5543957,-0.53693758,-0.52037475,-0.50381192,-0.48501087,-0.46352396,-0.43800824,-0.40891138,-0.36907106,-0.33281189,-0.2902857,-0.23835899,-0.17613646,-0.099141683,-0.042738531,0.047237927,0.13094737,0.25002069,0.36416993,0.49443435,0.63947103,0.80330876,0.98818576,1.1949973,1.419267,1.6721859,1.9183901,2.1654897,2.4412384,2.6578981,2.8884348,3.0204898,3.076893,3.1431443,3.1252386,2.9488668,2.7939819,2.5947803,2.4954033,2.2881441,2.0620839,1.8127461,1.5549032,1.3180994,1.0839816,0.78450771,0.58082966,0.38834271,0.1627301,-0.061539582,-0.22985375,-0.39816792,-0.53469936,-0.68958421,-0.83238267,-0.92862614,-1.0293461,-1.1220084,-1.2307859,-1.3059901,-1.3852231,-1.4487886,-1.5172781,-1.5669666,-1.6139692,-1.658286,-1.6958881,-1.7308043,-1.7679588,-1.7934745,-1.8194378,-1.8409248,-1.8601735,-1.8803174,-1.8964326,0
1.6656393,1.5314391,1.4093168,1.2961413,1.1910177,1.0908149,0.99329603,0.90025051,0.81078367,0.72400084,0.64169135,0.5665392,0.49809707,0.43368095,0.37329083,0.31692672,0.26771996,0.22477588,0.18764714,0.15543908,0.12502035,0.094601624,0.069103575,0.051657541,0.040026852,0.0301855,0.018107477,0.00781879,0.0091607926,0.025712158,0.058367554,0.11562633,0.20867184,0.34734545,0.55490851,0.88906716,1.4102115,2.0257434,2.2480684,1.7260294,0.99061202,0.47707236,0.21225052,0.10354831,0.089233614,0.14336105,0.25072126,0.38268485,0.47394102,0.43278628,0.2525106,0.03868485,-0.12325013,-0.22211099,-0.27713309,-0.30799915,-0.32902386,-0.34825923,-0.36838927,-0.38941398,-0.41133335,-0.43638407,-0.46277679,-0.48559083,-0.50169486,-0.51108888,-0.51824623,-0.52719291,-0.5415076,-0.5571643,-0.56879499,-0.57639967,-0.58087301,-0.58310968,-0.58400435,-0.58266235,-0.58042568,-0.57461033,-0.56700565,-0.5585063,-0.55090162,-0.54508628,-0.5401656,-0.53524493,-0.53077158,-0.52495624,-0.51914089,-0.51332555,-0.50751021,-0.50124753,-0.49364285,-0.48469616,-0.47351281,-0.45785611,-0.43727874,-0.41178069,-0.38359863,-0.36346859,-0.36346859,-0.38001996,-0.39836066,-0.41043868,-0.41580669,-0.41625403,-0.41222802,-0.40328134,-0.39209798,-0.38046729,-0.36973127,-0.36078459,-0.35541658,-0.3518379,-0.35362724,-0.36123192,-0.37599395,-0.39433465,-0.40999135,-0.42385871,-0.4341474,-0.43772607,-0.43504207,-0.42564805,-0.40104467,-0.34960123,-0.29100045,-0.25342438,-0.23463634,-0.24224103,-0.25923973,-0.26908108,-0.26505507,-0.25297705,-0.24000436,-0.23105767,-0.22837367,-0.24000436,-0.25610839,-0.2784751,-0.30844649,-0.33618121,-0.36078459,-0.36167926,-0.33662854,-0.2954738,-0.27936976,-0.34646989,-0.41670136,-0.47351281,-0.50885221,-0.52942958,-0.5374816,-0.53211359,-0.53256092,-0.54821762,-0.56834766,-0.57774167,-0.57997835,-0.571479,-0.56163764,-0.54911229,-0.53077158,-0.51466755,-0.49901086,-0.48022282,-0.45919811,-0.43459473,-0.40462334,-0.36794194,-0.33260253,-0.29010579,-0.23910969,-0.17693023,-0.10401476,-0.046755982,0.042263523,0.12725702,0.24580058,0.3598708,0.49093972,0.63766534,0.80362633,0.99061202,1.1981751,1.4200529,1.6696653,1.9134625,2.1626276,2.4346068,2.6466432,2.8743363,3.0116679,3.0796627,3.1373688,3.1141075,2.9503831,2.8009735,2.6023571,2.4927603,2.2860919,2.0628721,1.8154963,1.5587265,1.3189553,1.0863415,0.79199564,0.5835379,0.39073686,0.1688591,-0.056597334,-0.23061034,-0.39925533,-0.53792893,-0.69136456,-0.83540617,-0.9338197,-1.0344699,-1.1252787,-1.2321916,-1.3086858,-1.3869692,-1.449596,-1.5171435,-1.5676923,-1.614215,-1.6585011,-1.6956298,-1.7296272,-1.766756,-1.7931487,-1.8181994,-1.8401188,-1.8584595,-1.8785895,-1.8955882,1
1.6703483,1.5375226,1.4176229,1.3048547,1.1992182,1.099376,1.0030997,0.90994339,0.81990717,0.73343673,0.65231499,0.57654193,0.50656328,0.4414876,0.3817606,0.32470794,0.27389542,0.22932303,0.19099078,0.15756149,0.12636081,0.094714419,0.067970986,0.049250584,0.037216039,0.026072942,0.01314695,0.0024495765,0.0020038526,0.014484121,0.043456173,0.096497315,0.18341347,0.31490201,0.51324914,0.83060454,1.3271409,1.9177251,2.1361298,1.6355819,0.92866379,0.43925898,0.18831643,0.085354218,0.072873949,0.12546937,0.22754013,0.35234282,0.43703036,0.39513231,0.2213,0.017158464,-0.137062,-0.23110973,-0.28370515,-0.31312293,-0.33006044,-0.34476932,-0.36170683,-0.37998151,-0.39959336,-0.42366245,-0.45040588,-0.47447497,-0.4918582,-0.50166413,-0.50968716,-0.51815591,-0.5310819,-0.54579079,-0.55604244,-0.56183685,-0.56540264,-0.56718554,-0.56852271,-0.56896843,-0.56673981,-0.56228258,-0.55559672,-0.54801941,-0.54133355,-0.53553914,-0.53063618,-0.52573322,-0.52083025,-0.51592729,-0.50968716,-0.50389275,-0.49943551,-0.49586972,-0.49096676,-0.48472662,-0.47581214,-0.46288615,-0.4450572,-0.42232528,-0.39691902,-0.37819861,-0.37819861,-0.3946904,-0.41296508,-0.4245539,-0.42856541,-0.42722824,-0.42187955,-0.41251935,-0.40137626,-0.38934171,-0.37864434,-0.37017558,-0.36393545,-0.36170683,-0.36438117,-0.37195848,-0.38622164,-0.40360488,-0.41786804,-0.43123976,-0.44238285,-0.44684009,-0.44461147,-0.43614272,-0.41251935,-0.36393545,-0.30821997,-0.27256206,-0.25428738,-0.26097323,-0.27568212,-0.28415088,-0.28058509,-0.26810482,-0.25562455,-0.24671007,-0.24359,-0.25384165,-0.26944199,-0.29083673,-0.31980879,-0.34744367,-0.3724042,-0.3741871,-0.35011801,-0.30821997,-0.29039101,-0.3536838,-0.41875949,-0.47269208,-0.50522992,-0.52484177,-0.53241908,-0.52707039,-0.52707039,-0.54133355,-0.55960823,-0.56718554,-0.56807699,-0.55916251,-0.54980231,-0.53821349,-0.51949308,-0.5030013,-0.48695524,-0.46912629,-0.44773154,-0.42232528,-0.39112461,-0.35100946,-0.31713444,-0.27389923,-0.22219526,-0.15890247,-0.082683684,-0.026076752,0.064850919,0.14953846,0.26943818,0.38443494,0.51547776,0.66167519,0.8279302,1.0137971,1.2206129,1.4434749,1.6970918,1.9431313,2.1896166,2.465074,2.6794672,2.9081235,3.0382749,3.0971105,3.163969,3.1434657,2.9682963,2.8127386,2.6121629,2.5096464,2.3023848,2.0764028,1.8263517,1.5660489,1.3289238,1.0953645,0.79494663,0.58991365,0.39780666,0.17227037,-0.054157356,-0.22531532,-0.39335323,-0.5310819,-0.68574809,-0.82837973,-0.92510181,-1.024944,-1.1163174,-1.2241825,-1.2990641,-1.3779573,-1.4416958,-1.5094458,-1.5598126,-1.6061679,-1.6507403,-1.6886268,-1.7229476,-1.7599426,-1.7857946,-1.8112009,-1.8330413,-1.8517618,-1.8718193,-1.8887568,1
1.6910356,1.5572815,1.4359697,1.3226564,1.2173417,1.115582,1.0173772,0.92272728,0.83118794,0.74453663,0.66232898,0.58678681,0.51613266,0.44992217,0.38771097,0.32949907,0.27750828,0.23218298,0.19263443,0.15752954,0.12420211,0.092652148,0.065101474,0.043771921,0.028663487,0.018443076,0.0051121046,-0.0073301351,-0.010440695,-0.00022028385,0.025108561,0.071322594,0.15041969,0.27262026,0.45703202,0.75564577,1.2253403,1.788796,2.0003141,1.5243984,0.85207313,0.38859971,0.15086405,0.053992332,0.040661361,0.087764125,0.18374712,0.30417022,0.38771097,0.35082862,0.18819077,-0.0042195752,-0.14863843,-0.23795593,-0.28683616,-0.31305374,-0.32727344,-0.33971568,-0.35526848,-0.37171001,-0.39170647,-0.41836841,-0.44814091,-0.47346976,-0.49124438,-0.5014648,-0.51035211,-0.51968379,-0.53257039,-0.54723446,-0.55789924,-0.56367599,-0.56723092,-0.56900838,-0.56945275,-0.56900838,-0.56678655,-0.56323163,-0.55745487,-0.55078939,-0.54456827,-0.53923588,-0.53479222,-0.5299042,-0.52501618,-0.51968379,-0.5143514,-0.50990774,-0.50590845,-0.50279789,-0.4987986,-0.49302185,-0.4845789,-0.47302539,-0.45658386,-0.43480994,-0.41081419,-0.3925952,-0.39215083,-0.40725927,-0.42325643,-0.43303248,-0.4365874,-0.43525431,-0.42992192,-0.42014587,-0.40859236,-0.39703886,-0.38681844,-0.3783755,-0.37259874,-0.36993255,-0.37171001,-0.37881986,-0.39215083,-0.40859236,-0.42281207,-0.43569867,-0.44636345,-0.45036274,-0.44902964,-0.44103106,-0.41925714,-0.37348747,-0.32016359,-0.2850587,-0.26728407,-0.27350519,-0.28772489,-0.29527911,-0.29083545,-0.27883758,-0.26550661,-0.2552862,-0.25128691,-0.26061858,-0.27572702,-0.29705657,-0.32460725,-0.35038046,-0.37393184,-0.37482057,-0.35126919,-0.31083191,-0.29172418,-0.35038046,-0.41214729,-0.46324934,-0.49346621,-0.51124084,-0.51790633,-0.51257394,-0.51212957,-0.52501618,-0.54190207,-0.54856756,-0.54812319,-0.53879151,-0.52679364,-0.5130183,-0.49302185,-0.47524722,-0.45836132,-0.4392536,-0.41703531,-0.39037337,-0.35837904,-0.31749739,-0.28194814,-0.23751157,-0.18374332,-0.11842156,-0.0388801,0.020220538,0.11220424,0.19796682,0.31883429,0.43259191,0.56323543,0.70765428,0.87073649,1.0542595,1.2586677,1.4790731,1.7296954,1.9723191,2.2171646,2.488672,2.7006345,2.9285941,3.0570157,3.1143389,3.1774388,3.1534431,2.9774743,2.817947,2.6219817,2.5215551,2.3135919,2.0874098,1.8381206,1.5817216,1.3422085,1.1066947,0.80763656,0.60145088,0.4068187,0.17930346,-0.049100511,-0.22329187,-0.39348393,-0.53301476,-0.68765402,-0.83207288,-0.9302777,-1.0307043,-1.1204662,-1.227114,-1.3022118,-1.3790871,-1.4408539,-1.5070644,-1.5555002,-1.6008255,-1.6448177,-1.6821445,-1.7163606,-1.753243,-1.7799049,-1.8052338,-1.8270077,-1.845671,-1.8656675,-1.8825534,1
1.7765022,1.6376539,1.510938,1.3923103,1.2790748,1.1725795,1.0692296,0.97037317,0.8746622,0.782546,0.69627132,0.6162875,0.54079715,0.47024963,0.40464492,0.34398304,0.28916267,0.24063316,0.19839451,0.16019999,0.1251509,0.092348551,0.062691629,0.040673612,0.025395803,0.01101669,-0.0056091601,-0.020886968,-0.026728483,-0.020437621,0.002029744,0.046515126,0.12155613,0.23703838,0.41408122,0.70076479,1.1555043,1.7086508,1.919844,1.4556683,0.79782381,0.342635,0.10942375,0.013712774,-0.0011156871,0.042920348,0.1345872,0.25141749,0.33724283,0.30713656,0.149865,-0.037512818,-0.17950656,-0.26623059,-0.31296271,-0.33767681,-0.35295462,-0.36688439,-0.3821622,-0.39878805,-0.41810998,-0.44147604,-0.46708883,-0.49000555,-0.5066314,-0.51696638,-0.52370659,-0.53089615,-0.54347788,-0.55650895,-0.56594524,-0.57178676,-0.57403349,-0.57493219,-0.57538153,-0.57493219,-0.5731348,-0.56909067,-0.56324916,-0.55650895,-0.54931939,-0.54257918,-0.53763636,-0.53269354,-0.52775072,-0.52235855,-0.51606769,-0.51022618,-0.50618205,-0.50348597,-0.49944184,-0.49449902,-0.48730946,-0.47607578,-0.46034863,-0.43967865,-0.41586324,-0.39744,-0.39519327,-0.40957238,-0.42574888,-0.43518518,-0.43877996,-0.43698257,-0.4315904,-0.42350215,-0.41226846,-0.39968674,-0.38935175,-0.38036481,-0.3727259,-0.36823243,-0.36823243,-0.3736246,-0.38665567,-0.40328152,-0.41810998,-0.4315904,-0.44147604,-0.44552016,-0.44507082,-0.43788126,-0.41676194,-0.37137786,-0.31970292,-0.28555253,-0.26757863,-0.2738695,-0.2891473,-0.29633686,-0.29049535,-0.27746428,-0.26353451,-0.25230083,-0.24690866,-0.25319952,-0.26667994,-0.28645122,-0.31296271,-0.33992355,-0.36463765,-0.36733373,-0.34531572,-0.30442511,-0.28510318,-0.33992355,-0.40103478,-0.45091233,-0.4810186,-0.49854315,-0.50483401,-0.49944184,-0.49899249,-0.51112487,-0.52640268,-0.53224419,-0.5313455,-0.52145986,-0.51067552,-0.49764445,-0.47787317,-0.46034863,-0.44282408,-0.42215411,-0.39699066,-0.36643504,-0.3318353,-0.29409013,-0.25949038,-0.21545435,-0.1646781,-0.10311752,-0.027627178,0.032136013,0.12335351,0.20917885,0.32600915,0.43924466,0.56820734,0.71154913,0.8737635,1.0548505,1.2570567,1.4745408,1.7198845,1.9593866,2.2006861,2.4631049,2.6698047,2.8886368,3.0193968,3.0800587,3.142518,3.1258922,2.9722154,2.8221334,2.6302621,2.5300576,2.3296487,2.1085699,1.8672704,1.6174333,1.3801779,1.1496627,0.8566883,0.64864051,0.450029,0.22086188,-0.0078558966,-0.18489873,-0.35744809,-0.50258727,-0.65806144,-0.8058967,-0.90879723,-1.0134951,-1.1074087,-1.2161508,-1.2947866,-1.3747704,-1.4399257,-1.5086759,-1.5616989,-1.6093297,-1.6551631,-1.6947057,-1.7302041,-1.7683986,-1.7958088,-1.8218709,-1.8447876,-1.8645589,-1.8856783,-1.9036521,0
1.6803424,1.5451908,1.4235997,1.3119527,1.20799,1.1076434,1.0104609,0.91734642,0.82739606,0.73970577,0.65743961,0.58195364,0.51189181,0.44544607,0.38216441,0.32295086,0.27142151,0.22712435,0.18779932,0.15525447,0.12542169,0.096040924,0.070728261,0.0530998,0.041799504,0.03095122,0.017842877,0.0083506288,0.0083506288,0.022362995,0.054455835,0.10869725,0.1945795,0.32204684,0.51234382,0.81699979,1.2934203,1.8593391,2.0708806,1.5917481,0.91418233,0.44589808,0.20678382,0.11005329,0.10056104,0.15299441,0.24972495,0.36815204,0.44589808,0.40250494,0.23480855,0.037731398,-0.11188452,-0.20409493,-0.25562428,-0.28590907,-0.30579759,-0.32478209,-0.34602664,-0.36636718,-0.38715972,-0.41066434,-0.43507297,-0.45767357,-0.47575404,-0.48795836,-0.49654658,-0.50739487,-0.52231126,-0.53813167,-0.550788,-0.55892422,-0.56344433,-0.56660842,-0.56841646,-0.56751244,-0.56344433,-0.55711617,-0.54943197,-0.54129575,-0.53315954,-0.52547534,-0.51914718,-0.51372303,-0.50829889,-0.50332676,-0.49745061,-0.49202647,-0.48841037,-0.48524629,-0.48072617,-0.47394599,-0.46490576,-0.45179741,-0.43416895,-0.41111635,-0.38670771,-0.36862724,-0.36907925,-0.38489966,-0.40252812,-0.41563647,-0.42241664,-0.42241664,-0.41834854,-0.41111635,-0.40117209,-0.39077582,-0.38083156,-0.37269534,-0.36591517,-0.36229907,-0.36275108,-0.36862724,-0.38399564,-0.40117209,-0.41428043,-0.42738877,-0.43778505,-0.44275718,-0.44140114,-0.43416895,-0.4129244,-0.36772321,-0.31438582,-0.28048493,-0.26330848,-0.27054067,-0.28455304,-0.29268925,-0.28726511,-0.27460878,-0.26240446,-0.25336422,-0.24974813,-0.26150043,-0.27867688,-0.29946943,-0.32839818,-0.3559709,-0.38173558,-0.38354363,-0.36184706,-0.32207002,-0.30398954,-0.36817522,-0.42964883,-0.48298623,-0.51553108,-0.53767966,-0.54807593,-0.54355581,-0.54400783,-0.55937623,-0.57836072,-0.5851409,-0.58694895,-0.57700469,-0.56796445,-0.55530812,-0.53406357,-0.51598309,-0.49880664,-0.47891812,-0.45586552,-0.42784079,-0.39665197,-0.35732694,-0.32207002,-0.28048493,-0.22850357,-0.1647699,-0.087927891,-0.031426412,0.062140036,0.14757027,0.27006548,0.38668453,0.51957601,0.66873991,0.83688831,1.0235692,1.2314946,1.4579526,1.7101752,1.9501934,2.1965399,2.4722671,2.6788365,2.9111706,3.0445141,3.0933314,3.1534489,3.1421486,2.9563718,2.7913875,2.5848181,2.4944157,2.2955305,2.0754007,1.8254382,1.5619153,1.3277732,1.0954391,0.78807103,0.58556973,0.40295696,0.17785506,-0.054931027,-0.22398345,-0.39167984,-0.52366729,-0.6805154,-0.82561119,-0.91872563,-1.0163602,-1.1072146,-1.2197655,-1.2957035,-1.3770656,-1.4439634,-1.5189973,-1.5718827,-1.620248,-1.6672572,-1.7061302,-1.7413872,-1.7816162,-1.8078329,-1.8345016,-1.8571022,-1.8760867,-1.8968792,-1.9145077,1
1.7152613,1.578594,1.4566654,1.342776,1.2360327,1.1342022,1.0350514,0.94036695,0.84925546,0.76127034,0.6781981,0.60093198,0.52991861,0.46203161,0.397271,0.33876313,0.28561475,0.23961238,0.19986276,0.16413277,0.13108252,0.099372145,0.072128023,0.052029899,0.038631151,0.026125652,0.009600528,-0.0029049709,-0.0051380957,0.0055809034,0.032378401,0.081507147,0.16323952,0.28695463,0.47453711,0.77600896,1.2485382,1.8175384,2.0319184,1.5513499,0.87247996,0.40307712,0.16413277,0.065875273,0.052923149,0.1020519,0.19896951,0.31821838,0.40039737,0.361541,0.19494989,-0.002011721,-0.15073783,-0.24184933,-0.2914247,-0.31822219,-0.33519394,-0.35082582,-0.36645769,-0.38253619,-0.39995456,-0.42317906,-0.44952993,-0.47320106,-0.49061943,-0.50178505,-0.51027093,-0.5187568,-0.53170893,-0.54600093,-0.5562733,-0.56252605,-0.56565242,-0.56743892,-0.56922542,-0.57011867,-0.5687788,-0.56431255,-0.5580598,-0.5509138,-0.54332118,-0.5366218,-0.53081568,-0.52545618,-0.52009668,-0.51384393,-0.50759118,-0.50223168,-0.49821205,-0.49463905,-0.49151268,-0.48615318,-0.47766731,-0.46516181,-0.44819006,-0.42675206,-0.40218769,-0.38521594,-0.38566256,-0.40129444,-0.41871281,-0.43032506,-0.43523793,-0.43389806,-0.42853856,-0.42049931,-0.41067356,-0.39950794,-0.38968219,-0.38164294,-0.37494356,-0.37137056,-0.37271044,-0.37940981,-0.39325519,-0.41022694,-0.42496556,-0.43881093,-0.44952993,-0.45354956,-0.45265631,-0.44461706,-0.42183919,-0.37494356,-0.32090194,-0.28651182,-0.26954007,-0.27623945,-0.29053145,-0.29812407,-0.29365782,-0.2807057,-0.26730695,-0.2574812,-0.25301495,-0.26150082,-0.27623945,-0.29633757,-0.32447494,-0.35261232,-0.37762331,-0.37985644,-0.35752519,-0.31643569,-0.2985707,-0.35752519,-0.41915944,-0.47007468,-0.50133843,-0.51965005,-0.5259028,-0.5205433,-0.52098993,-0.53394205,-0.5509138,-0.55761317,-0.5580598,-0.54957392,-0.53974818,-0.52724268,-0.50848443,-0.49061943,-0.47320106,-0.45354956,-0.42898519,-0.39727481,-0.36333132,-0.32626144,-0.29455107,-0.25256832,-0.2020997,-0.14001883,-0.066325716,-0.0096043453,0.080613897,0.16502601,0.28427488,0.39771762,0.52768548,0.6728386,0.83719658,1.0203128,1.2262069,1.4495194,1.7005226,1.9439332,2.1909168,2.4638047,2.6804178,2.9068567,3.0359313,3.0930993,3.1609863,3.1435679,2.9738504,2.8202114,2.6268228,2.5218659,2.314632,2.093106,1.8456757,1.5906529,1.353495,1.1203568,0.82424446,0.61656385,0.42049549,0.19316339,-0.032382218,-0.20477945,-0.37405031,-0.51384393,-0.66882279,-0.8121894,-0.91044689,-1.0131706,-1.1060686,-1.2145985,-1.291418,-1.3718105,-1.4365711,-1.5062446,-1.5576065,-1.6045021,-1.6496112,-1.6884676,-1.723751,-1.7612674,-1.7876183,-1.8135226,-1.8358538,-1.8550587,-1.8756034,-1.8921286,1
1.7740801,1.6351396,1.5078899,1.3887339,1.2772218,1.1715551,1.0667877,0.96651679,0.87209124,0.78081321,0.69403163,0.61354509,0.53935359,0.46785996,0.40266136,0.34195923,0.28575354,0.23854077,0.19627409,0.15850387,0.12433082,0.090607406,0.06138045,0.039347822,0.024509521,0.011020157,-0.0060663708,-0.020904671,-0.026750063,-0.020904671,0.0020272478,0.047891086,0.12433082,0.2398897,0.41749967,0.70572241,1.1625622,1.7169751,1.9319056,1.4656233,0.80239619,0.34600603,0.11174074,0.015516612,0.0011279568,0.045642859,0.13782018,0.25517765,0.34016064,0.30913511,0.15310813,-0.035742972,-0.17873023,-0.26506216,-0.31137565,-0.33655579,-0.35184374,-0.36578275,-0.38196999,-0.39860687,-0.41749198,-0.44132319,-0.46740263,-0.49078419,-0.50742107,-0.51731327,-0.52360831,-0.53170193,-0.54384236,-0.55733172,-0.56722392,-0.57172038,-0.57351896,-0.57531754,-0.57666648,-0.57621683,-0.57351896,-0.56992179,-0.5640764,-0.55688208,-0.54968775,-0.54339271,-0.53754732,-0.53305087,-0.52810477,-0.52270902,-0.51641398,-0.51146788,-0.50652178,-0.50292462,-0.49932746,-0.494831,-0.48763667,-0.47639554,-0.4602083,-0.43907496,-0.41479411,-0.39680829,-0.39545935,-0.40984801,-0.4255856,-0.4354778,-0.43862532,-0.43727638,-0.43188063,-0.42333737,-0.41209623,-0.39995581,-0.38826502,-0.37927211,-0.37252743,-0.36758133,-0.36713169,-0.37252743,-0.38556715,-0.40220403,-0.41749198,-0.4305317,-0.44132319,-0.44581964,-0.44402106,-0.43682673,-0.41614304,-0.37072885,-0.31767068,-0.28394727,-0.2664111,-0.27225649,-0.28709479,-0.29428912,-0.28889337,-0.27540401,-0.26101535,-0.25022386,-0.24482812,-0.2515728,-0.26461252,-0.28439692,-0.31227494,-0.33925367,-0.36353452,-0.36623239,-0.34419977,-0.30328203,-0.28394727,-0.33835438,-0.39995581,-0.4503161,-0.48134164,-0.49932746,-0.50517285,-0.4997771,-0.49932746,-0.51191753,-0.52810477,-0.53395016,-0.53260122,-0.52315867,-0.51191753,-0.49887781,-0.47954305,-0.46110759,-0.44402106,-0.42378702,-0.39860687,-0.36803098,-0.33385792,-0.29518841,-0.26101535,-0.21784939,-0.1665898,-0.10363944,-0.027649353,0.031703849,0.12208259,0.20661594,0.3248727,0.438633,0.56768125,0.7115678,0.87254088,1.0523991,1.2542899,1.4732672,1.7178744,1.9552872,2.1962972,2.4611383,2.6715724,2.8909994,3.0177994,3.0785016,3.1405527,3.1225668,2.9696874,2.821754,2.6329029,2.5299341,2.3284929,2.1081666,1.866707,1.6176034,1.379741,1.1495225,0.85680329,0.6472685,0.44897485,0.22145424,-0.0069656617,-0.18457562,-0.35678984,-0.50157568,-0.65760266,-0.80553602,-0.90850484,-1.0137219,-1.1072481,-1.2160623,-1.2947503,-1.3752368,-1.4404354,-1.5101305,-1.562739,-1.6104014,-1.6562653,-1.6953844,-1.7309064,-1.7691263,-1.7965546,-1.8230837,-1.8464653,-1.8658,-1.8869334,-1.9049192,0
1.6672332,1.5324574,1.4102189,1.2982788,1.1943985,1.0945479,0.99738396,0.90290656,0.81335452,0.72738455,0.64544444,0.571564,0.50350445,0.43902698,0.37678831,0.31902724,0.26753481,0.22365431,0.1855947,0.15201268,0.12111722,0.09111729,0.065594958,0.04813231,0.036938304,0.024848778,0.010968212,0.0015652472,0.0015652472,0.014998054,0.047236789,0.10365458,0.19410214,0.33111676,0.53753422,0.8675335,1.38201,1.9914116,2.2103664,1.6914123,0.96648851,0.46320603,0.20395286,0.098281454,0.086639688,0.14081867,0.2473856,0.37857935,0.46723587,0.42514641,0.24693784,0.036490544,-0.12380761,-0.22276262,-0.27783713,-0.30873258,-0.32753851,-0.3445534,-0.36291157,-0.38126974,-0.40141895,-0.425598,-0.45201585,-0.47574714,-0.49276203,-0.50395603,-0.51201572,-0.5200754,-0.53350821,-0.5482843,-0.5594783,-0.56664246,-0.57022455,-0.57246335,-0.57291111,-0.57201559,-0.57022455,-0.56574694,-0.55858278,-0.55141862,-0.54425445,-0.53798581,-0.53216493,-0.52679181,-0.52097092,-0.5155978,-0.50932916,-0.50395603,-0.49903067,-0.49455307,-0.48917995,-0.48246354,-0.47306058,-0.45918001,-0.4412696,-0.41753831,-0.3906727,-0.37097125,-0.37007573,-0.38574734,-0.40320999,-0.41529951,-0.42067263,-0.42112039,-0.41664279,-0.40813535,-0.39694134,-0.38485182,-0.37365781,-0.36470261,-0.35843396,-0.35395636,-0.35485188,-0.36156829,-0.37679213,-0.39604582,-0.41261295,-0.4278368,-0.43858304,-0.44306065,-0.44171736,-0.43320992,-0.40858311,-0.35709068,-0.2984341,-0.26037448,-0.24112079,-0.24783719,-0.2635088,-0.27156848,-0.26709088,-0.25500136,-0.24156855,-0.23216558,-0.22947902,-0.24067303,-0.25768792,-0.28052369,-0.31052362,-0.33918028,-0.36470261,-0.36604589,-0.34186684,-0.29977738,-0.28276249,-0.34858324,-0.41574727,-0.47216506,-0.50753812,-0.52858285,-0.53753805,-0.53306045,-0.53395597,-0.54962758,-0.56932903,-0.57828423,-0.58052303,-0.57201559,-0.56216486,-0.55007534,-0.53171717,-0.51380676,-0.49723963,-0.48022474,-0.45873225,-0.43320992,-0.40320999,-0.36425485,-0.32977731,-0.28813561,-0.23664319,-0.17440452,-0.10007632,-0.041867494,0.04902783,0.13499779,0.25410201,0.36828086,0.49902685,0.6458922,0.81380228,1.0005183,1.2087268,1.4339502,1.6873825,1.9327551,2.1808142,2.4526047,2.6661863,2.8914097,3.0257377,3.0929018,3.1502151,3.1237972,2.9532006,2.7969323,2.5958879,2.4902165,2.2833513,2.0567846,1.811412,1.5566365,1.3161892,1.0815629,0.78559338,0.57962368,0.38798231,0.16454997,-0.060225662,-0.23216558,-0.3996279,-0.53753805,-0.68977652,-0.83171651,-0.92932824,-1.0300743,-1.1209696,-1.2279843,-1.3045513,-1.3833571,-1.446939,-1.5154464,-1.5669388,-1.6139536,-1.6587296,-1.6963415,-1.730819,-1.7675354,-1.7935055,-1.8194755,-1.8414158,-1.859774,-1.8799232,-1.8973858,0
1.7330178,1.596665,1.4705946,1.3548065,1.2470654,1.1429008,1.0432068,0.94708927,0.8545482,0.76379535,0.67930133,0.60240729,0.53087796,0.46247803,0.39854869,0.33998405,0.28767822,0.24118415,0.2009489,0.16473718,0.13165486,0.099913718,0.071301984,0.049396126,0.036878492,0.024360859,0.0082667583,-0.0046979336,-0.0087214587,0.0006667665,0.024807917,0.072643159,0.15177249,0.27203118,0.45443098,0.74948949,1.213089,1.7692296,1.9753235,1.5054651,0.84068939,0.38200753,0.14864308,0.052972592,0.040902017,0.08873726,0.18351363,0.30243115,0.38603106,0.35116051,0.19111362,0.0011138248,-0.1423919,-0.22912122,-0.27740352,-0.30467408,-0.32121524,-0.33686228,-0.35474461,-0.37217989,-0.3914034,-0.41554455,-0.44236805,-0.46829743,-0.48841506,-0.50137975,-0.51076798,-0.52105032,-0.53446207,-0.54921499,-0.55994439,-0.56575615,-0.56933262,-0.57201497,-0.5738032,-0.5738032,-0.57156791,-0.56665027,-0.56039145,-0.55323852,-0.54608558,-0.53937971,-0.53356795,-0.52820325,-0.52239149,-0.51613268,-0.50987386,-0.5040621,-0.4986974,-0.49467388,-0.49109741,-0.48528565,-0.47679154,-0.46472097,-0.44817981,-0.42627395,-0.4021328,-0.38514458,-0.38514458,-0.39989751,-0.41688572,-0.42850924,-0.43387394,-0.43342688,-0.42940336,-0.42225042,-0.4128622,-0.40302692,-0.39408575,-0.38648576,-0.380674,-0.37754459,-0.37933282,-0.3860387,-0.39900339,-0.41554455,-0.42940336,-0.44236805,-0.45175627,-0.45533274,-0.45354451,-0.44549746,-0.42314454,-0.37665047,-0.32389759,-0.29081527,-0.27427411,-0.28142705,-0.29617997,-0.30333291,-0.29886232,-0.28679175,-0.27382705,-0.26443883,-0.26086236,-0.26846235,-0.28276822,-0.30288585,-0.33015641,-0.35697991,-0.38112106,-0.38335635,-0.36100343,-0.3216623,-0.30377996,-0.36055637,-0.42225042,-0.47232096,-0.50227387,-0.51926208,-0.5255209,-0.5201562,-0.51926208,-0.53133266,-0.54832088,-0.55502675,-0.55502675,-0.54563853,-0.53401501,-0.52194443,-0.50361504,-0.48573271,-0.46740332,-0.44683863,-0.42135631,-0.39095634,-0.35697991,-0.31897995,-0.28634469,-0.24521532,-0.19425067,-0.13076839,-0.056556701,0.00021970816,0.08873726,0.17323129,0.29259586,0.4070428,0.53668972,0.68108956,0.84650115,1.0311362,1.2367831,1.4594181,1.7106649,1.9543117,2.1992997,2.46977,2.684358,2.9083342,3.0388753,3.1001222,3.1662869,3.144381,2.9785224,2.8238402,2.6316051,2.5260993,2.3200054,2.0973704,1.8514883,1.596665,1.3574888,1.1236773,0.82995999,0.62520727,0.43028983,0.2031842,-0.022133209,-0.19380361,-0.36234461,-0.5040621,-0.65919135,-0.80269707,-0.90239108,-1.0056616,-1.0999909,-1.2090731,-1.2873083,-1.3682259,-1.4339435,-1.5036846,-1.5564374,-1.6047197,-1.6503197,-1.6892138,-1.7240843,-1.7611902,-1.7880137,-1.8143901,-1.8371901,-1.8559665,-1.8765312,-1.8939665,1
1.6778819,1.5448547,1.4242021,1.3132724,1.20853,1.1068813,1.0114199,0.91861017,0.82668437,0.73962004,0.65874301,0.5840533,0.51599285,0.45146801,0.38959488,0.3308154,0.28087494,0.2380057,0.19911402,0.16419989,0.13237942,0.10188481,0.075367748,0.055921905,0.042663377,0.030730701,0.016146319,0.0046555945,0.0020038887,0.01172681,0.036918014,0.084648718,0.16508379,0.2848525,0.46472654,0.75597222,1.2107398,1.7565492,1.9647081,1.5037532,0.84966582,0.3984339,0.16640964,0.070948238,0.059457513,0.10630431,0.19778816,0.31048566,0.38826903,0.35070319,0.1911589,0.0042136435,-0.13632676,-0.2233911,-0.27288961,-0.30029057,-0.31752665,-0.33387884,-0.35155688,-0.37056077,-0.39221636,-0.41740757,-0.44259877,-0.46513827,-0.48149046,-0.49121338,-0.5000524,-0.51065922,-0.52391775,-0.53894408,-0.54999286,-0.55662212,-0.56059968,-0.56325139,-0.56457724,-0.56413529,-0.56148358,-0.55750602,-0.55176066,-0.54468945,-0.53806018,-0.53319872,-0.52966311,-0.52568555,-0.521708,-0.51773044,-0.51286898,-0.50844947,-0.50402996,-0.49961045,-0.49474899,-0.48811972,-0.48016461,-0.46823193,-0.45187974,-0.4306661,-0.40768465,-0.39177441,-0.39177441,-0.40591684,-0.42094318,-0.4306661,-0.43552756,-0.43552756,-0.43110805,-0.42271098,-0.41298806,-0.40193929,-0.39221636,-0.3847032,-0.37939979,-0.37763198,-0.37939979,-0.3855871,-0.39840368,-0.41298806,-0.42624659,-0.43906317,-0.44834414,-0.45187974,-0.45011194,-0.44348268,-0.42271098,-0.37851589,-0.32724957,-0.2945452,-0.27730912,-0.28305448,-0.29675496,-0.30471008,-0.30029057,-0.28924179,-0.27775107,-0.26802815,-0.26493449,-0.27509936,-0.29012569,-0.30912958,-0.33432079,-0.35818614,-0.37984174,-0.38028369,-0.35862809,-0.32150421,-0.30603593,-0.36437345,-0.42447878,-0.47309339,-0.5027041,-0.52082409,-0.52789531,-0.52303385,-0.52214995,-0.53452457,-0.55087676,-0.55750602,-0.55706407,-0.5477831,-0.53673433,-0.5234758,-0.50491386,-0.48635192,-0.46867388,-0.44966999,-0.42713049,-0.40061343,-0.36879296,-0.32901738,-0.2936613,-0.24946621,-0.19687404,-0.1323492,-0.055891687,0.0024458397,0.094371639,0.18143598,0.30164664,0.41832169,0.55090698,0.6985186,0.86557606,1.0538472,1.26289,1.4865172,1.7384292,1.9850378,2.2347401,2.5056561,2.7195603,2.9471651,3.0766567,3.1389718,3.1964254,3.1668147,2.9887085,2.8326998,2.6298443,2.5158209,2.3050103,2.0787314,1.8312389,1.5735815,1.3331602,1.0989262,0.80193512,0.59377622,0.39975975,0.17657452,-0.049262422,-0.2225072,-0.39089051,-0.53010506,-0.68302009,-0.82665416,-0.92432532,-1.0242062,-1.1139223,-1.2195486,-1.2942383,-1.3711377,-1.4325689,-1.4984196,-1.5479181,-1.5929971,-1.6367503,-1.6738741,-1.7079044,-1.7441443,-1.7697775,-1.7949687,-1.8170663,-1.8356282,-1.855516,-1.8727521,1
1.7769367,1.6366101,1.5106301,1.3922716,1.2801897,1.1734878,1.0708208,0.97174038,0.87534995,0.78254615,0.69781225,0.61845827,0.5440359,0.47320015,0.40595101,0.34542679,0.29073083,0.24231146,0.20016867,0.16206083,0.12619462,0.093018386,0.063877096,0.041460718,0.025769254,0.0118711,-0.005613674,-0.020856811,-0.026236741,-0.019511828,0.0020078943,0.045943994,0.12036637,0.23513822,0.41088262,0.69646726,1.1506231,1.700721,1.9136766,1.4514509,0.7915127,0.33780523,0.10691654,0.010974445,-0.0038203638,0.041012391,0.13247121,0.24858804,0.33377028,0.30328401,0.14636936,-0.041479878,-0.18270305,-0.26878194,-0.31585634,-0.34096268,-0.35620582,-0.36965564,-0.38534711,-0.4014869,-0.41942,-0.44183638,-0.46694272,-0.48980742,-0.50684387,-0.51670708,-0.52343199,-0.53150189,-0.54360673,-0.55660823,-0.56602311,-0.57095471,-0.57319635,-0.57454133,-0.57588631,-0.57588631,-0.57319635,-0.56960973,-0.56378147,-0.55705656,-0.55033164,-0.54450338,-0.53867513,-0.5332952,-0.52836359,-0.52253533,-0.5171554,-0.51177547,-0.5072922,-0.50370558,-0.50011896,-0.49518735,-0.48801411,-0.47680593,-0.46111446,-0.44049139,-0.41673003,-0.3983486,-0.39700362,-0.41090178,-0.42659324,-0.43645645,-0.44004307,-0.43824976,-0.43331815,-0.42479993,-0.41359174,-0.4014869,-0.39072704,-0.38131216,-0.37413892,-0.36965564,-0.37010397,-0.37593223,-0.3884854,-0.40462519,-0.41986833,-0.43376648,-0.44318136,-0.44766463,-0.44721631,-0.43959474,-0.41807502,-0.37279393,-0.32123627,-0.2876117,-0.26923027,-0.27595518,-0.29119832,-0.29837156,-0.29299163,-0.2795418,-0.26519532,-0.25398713,-0.2486072,-0.25622877,-0.26923027,-0.28806003,-0.31495968,-0.34141101,-0.36606902,-0.36920731,-0.34723926,-0.30599313,-0.28626672,-0.34006602,-0.4014869,-0.45080293,-0.4812892,-0.49877397,-0.50325725,-0.49787732,-0.49742899,-0.50953384,-0.52432865,-0.53060523,-0.52926025,-0.51984537,-0.50908551,-0.49608401,-0.47590927,-0.45752784,-0.44049139,-0.41942,-0.39386533,-0.36293073,-0.32930616,-0.29164665,-0.25712543,-0.21318933,-0.16207999,-0.10065911,-0.024891758,0.033390823,0.12350466,0.20868689,0.32570038,0.43867892,0.56734893,0.71036542,0.87221166,1.0524393,1.2528417,1.4725222,1.7177574,1.9549227,2.1961229,2.4615328,2.6731434,2.8905823,3.0214939,3.0856048,3.1501639,3.1349208,2.9744195,2.8210915,2.6350356,2.5350585,2.3346561,2.1136306,1.8688438,1.6195737,1.3828567,1.1528647,0.86010682,0.65073785,0.45168042,0.2234817,-0.005613674,-0.18359971,-0.35665414,-0.50101561,-0.65748193,-0.80453336,-0.90720037,-1.0116607,-1.1053611,-1.2138564,-1.2923137,-1.372116,-1.4366752,-1.506166,-1.5586203,-1.606143,-1.6518724,-1.6913252,-1.7262948,-1.7639543,-1.7913023,-1.8182019,-1.8410666,-1.8603447,-1.8814161,-1.8993492,0
1.716077,1.5790774,1.4555531,1.3401141,1.2323112,1.129,1.0301806,0.93495463,0.84107622,0.75258795,0.66948983,0.59178185,0.51991321,0.45298553,0.39099883,0.33260555,0.27915325,0.23243863,0.1924617,0.15697655,0.12418648,0.09364231,0.06579321,0.046927691,0.034799857,0.023121203,0.0078491156,-0.0042787182,-0.0069737924,0.0038065043,0.031655604,0.083311193,0.16730767,0.29622205,0.49161493,0.80604025,1.2974421,1.8822732,2.0965316,1.5983921,0.89991867,0.41705121,0.16910439,0.068488285,0.055911272,0.1089144,0.2117764,0.33754652,0.42693315,0.39144801,0.22255669,0.022222845,-0.12915049,-0.22257973,-0.27468449,-0.30343195,-0.32139911,-0.33756956,-0.3559859,-0.37440224,-0.39416612,-0.41887096,-0.44716924,-0.4736708,-0.49433304,-0.50735923,-0.51634281,-0.52622475,-0.53970012,-0.55452303,-0.56530333,-0.57114265,-0.57428691,-0.57698198,-0.57922788,-0.57967706,-0.57832952,-0.57473609,-0.5679984,-0.55991318,-0.55317549,-0.54688699,-0.54059848,-0.53430997,-0.52847065,-0.52218214,-0.51544445,-0.50960513,-0.50466416,-0.50017237,-0.49657894,-0.49073961,-0.48175603,-0.46917901,-0.45121185,-0.42785454,-0.40225134,-0.38293664,-0.38248746,-0.39775955,-0.41527753,-0.42650701,-0.4309988,-0.43054962,-0.42605783,-0.4179726,-0.40629395,-0.3946153,-0.38473336,-0.37574978,-0.36856291,-0.36317276,-0.36272358,-0.36946127,-0.38428418,-0.40359888,-0.4202185,-0.43504141,-0.4458217,-0.44896596,-0.44672006,-0.43773648,-0.41348081,-0.36407112,-0.30837292,-0.27198942,-0.2531239,-0.25941241,-0.27378614,-0.280973,-0.27558285,-0.26210748,-0.24818293,-0.23740263,-0.23336002,-0.24414032,-0.26075994,-0.28276972,-0.31331389,-0.34251053,-0.37035963,-0.37395306,-0.35149411,-0.30972046,-0.29085494,-0.35059575,-0.41662507,-0.47142491,-0.5037658,-0.52218214,-0.52891983,-0.52397886,-0.52532639,-0.53970012,-0.55766728,-0.56575251,-0.56710004,-0.55676893,-0.54598863,-0.53520833,-0.51634281,-0.49837565,-0.48130685,-0.46154297,-0.43683812,-0.40494641,-0.36946127,-0.33262859,-0.3002877,-0.25851405,-0.20730764,-0.14307504,-0.069409678,-0.011914762,0.078370223,0.16371424,0.2822975,0.39549062,0.52485418,0.66993901,0.83433853,1.0185019,1.2237767,1.445222,1.6940672,1.937073,2.1832232,2.4518322,2.6624972,2.88529,3.0146535,3.0775386,3.1422204,3.1193123,2.9585062,2.8093787,2.6171301,2.5097763,2.3018064,2.0785644,1.8337619,1.5808741,1.3414617,1.1087869,0.81592219,0.60840148,0.4130086,0.18841909,-0.037068787,-0.20955353,-0.37754649,-0.51769035,-0.67220794,-0.81549605,-0.91521379,-1.0176266,-1.1106067,-1.219308,-1.2974651,-1.3783174,-1.4443467,-1.5144186,-1.5669726,-1.6141364,-1.6599526,-1.698582,-1.733618,-1.771349,-1.7978506,-1.823903,-1.8463619,-1.8656766,-1.8858897,-1.9029585,0
1.6832872,1.5498606,1.4276275,1.3134537,1.2091302,1.1092842,1.01302,0.91989003,0.82676005,0.73810748,0.65796197,0.58229387,0.51065543,0.44438987,0.38170623,0.32394774,0.27245761,0.22768358,0.18962566,0.15604514,0.12470332,0.0956002,0.069631265,0.051721654,0.039632667,0.02799142,0.015454693,0.0042611862,0.0038134459,0.018141134,0.048587472,0.1023163,0.19186436,0.32708192,0.52901278,0.85317673,1.3631529,1.9707364,2.1910246,1.6806007,0.96063439,0.45782207,0.19992368,0.093809239,0.080824772,0.13634456,0.24290675,0.37185594,0.4591653,0.41752545,0.24022031,0.029782381,-0.12961315,-0.22856375,-0.28453128,-0.3136344,-0.33064853,-0.34855814,-0.36960194,-0.39019799,-0.41079404,-0.43452427,-0.46004547,-0.48198474,-0.49765565,-0.50661046,-0.51243108,-0.52004266,-0.53257939,-0.54735482,-0.55899607,-0.56481669,-0.56839861,-0.57198054,-0.5737715,-0.57421924,-0.57242828,-0.56705539,-0.55989155,-0.55183222,-0.5437729,-0.53795227,-0.53257939,-0.52720651,-0.52272911,-0.5182517,-0.51287882,-0.50750594,-0.50347627,-0.49989435,-0.49541695,-0.48825311,-0.47750734,-0.46228417,-0.44213586,-0.41795788,-0.39154121,-0.37228838,-0.37184064,-0.38840703,-0.40765986,-0.42064433,-0.42601721,-0.42467399,-0.4193011,-0.41079404,-0.40004827,-0.38840703,-0.37766126,-0.36825871,-0.36154261,-0.35840843,-0.35975165,-0.36602001,-0.38124318,-0.40049601,-0.41571918,-0.43183783,-0.44303134,-0.447061,-0.44571778,-0.43721072,-0.41303274,-0.36333357,-0.3046796,-0.26662167,-0.24781658,-0.25587591,-0.27154682,-0.2813971,-0.2769197,-0.26393523,-0.25050302,-0.23975726,-0.23617534,-0.24647336,-0.26124879,-0.28229258,-0.31229118,-0.3413943,-0.36915419,-0.37004968,-0.34542396,-0.30288864,-0.2836358,-0.35214006,-0.4170624,-0.47123898,-0.5048195,-0.52720651,-0.53616131,-0.53034069,-0.53034069,-0.54690708,-0.56705539,-0.57511472,-0.57780116,-0.56884635,-0.56033929,-0.54780256,-0.52765425,-0.51108786,-0.49541695,-0.47616412,-0.45422485,-0.42646495,-0.39557087,-0.35796069,-0.32303695,-0.2813971,-0.23035471,-0.1690143,-0.093793932,-0.038721879,0.051273914,0.13321038,0.25275703,0.3669308,0.49632774,0.6427388,0.80750722,0.99063299,1.1983845,1.4244933,1.6743324,1.9165599,2.1663989,2.4390727,2.6490629,2.8863653,3.0229261,3.083371,3.1478456,3.1362043,2.9539741,2.7932353,2.5899612,2.4963835,2.2975868,2.0777464,1.8310415,1.5709044,1.3376317,1.1057022,0.79541823,0.59124867,0.41036161,0.18649147,-0.048124425,-0.21960895,-0.38975025,-0.52272911,-0.68212464,-0.82943119,-0.92345664,-1.021064,-1.112403,-1.2238904,-1.2995585,-1.3792562,-1.4432831,-1.5140261,-1.564173,-1.6102902,-1.6559597,-1.6935699,-1.7271504,-1.7665516,-1.7925205,-1.8180417,-1.8404287,-1.8587861,-1.8793821,-1.8963962,1
1.7131825,1.5754821,1.4507893,1.3373099,1.2287643,1.1264983,1.0287176,0.93273106,0.84078132,0.7515228,0.66809523,0.59184423,0.52007859,0.45279829,0.39134896,0.33348791,0.28190635,0.23615575,0.19623611,0.16169889,0.12895581,0.097558343,0.069749155,0.050013602,0.037454614,0.025792696,0.012336637,0.00022618446,-0.0029135626,0.0082998197,0.037006078,0.087690566,0.1720152,0.30074483,0.49451208,0.80714117,1.2973902,1.8813832,2.0975772,1.6014972,0.90223066,0.41870961,0.17156667,0.070646225,0.057638702,0.1096688,0.2101407,0.33483351,0.42140082,0.38282679,0.21283191,0.010542496,-0.14240804,-0.23660045,-0.28818201,-0.31643973,-0.33393261,-0.34828574,-0.36488154,-0.38282295,-0.40210997,-0.42588234,-0.45234592,-0.4761183,-0.49405971,-0.50437602,-0.51065551,-0.51872915,-0.53173667,-0.5460898,-0.55730318,-0.56358268,-0.56672242,-0.5689651,-0.57075924,-0.57075924,-0.56851657,-0.56403121,-0.55730318,-0.54967808,-0.54339859,-0.53711909,-0.53173667,-0.52635425,-0.52142036,-0.51603794,-0.50975844,-0.50392748,-0.49989067,-0.49630238,-0.49226557,-0.48643461,-0.47701537,-0.46311077,-0.4456179,-0.4227426,-0.39672755,-0.3783376,-0.37744053,-0.39269073,-0.41018361,-0.42139699,-0.42633088,-0.42633088,-0.4227426,-0.4151175,-0.40480118,-0.3935878,-0.38372002,-0.37519785,-0.36891836,-0.36577861,-0.36757275,-0.37430078,-0.38910245,-0.40659532,-0.42139699,-0.43530158,-0.44606643,-0.45055178,-0.44830911,-0.44023547,-0.4164631,-0.36757275,-0.31150584,-0.27562302,-0.25813014,-0.26485817,-0.28010837,-0.28907908,-0.28504226,-0.27248327,-0.25902721,-0.24915944,-0.24512262,-0.25364479,-0.26889499,-0.28997615,-0.31823387,-0.34514599,-0.37026397,-0.37160957,-0.34738867,-0.30477781,-0.28638787,-0.34694013,-0.41197775,-0.46580198,-0.49899359,-0.51872915,-0.52545718,-0.52052329,-0.52142036,-0.53532495,-0.55416344,-0.56134,-0.56178854,-0.55147222,-0.54025884,-0.52814839,-0.50841284,-0.49136849,-0.47566976,-0.45817688,-0.43754426,-0.41242628,-0.38147735,-0.34290331,-0.30926317,-0.26620378,-0.21417368,-0.15093021,-0.07647335,-0.018612298,0.071543296,0.15631647,0.27652392,0.39000335,0.52097566,0.66674963,0.83181061,1.0170557,1.2229334,1.4458554,1.6974837,1.9414869,2.1863872,2.456854,2.6699082,2.8955215,3.0264938,3.0830092,3.1467013,3.1265172,2.959662,2.8058144,2.6120472,2.5084355,2.3003152,2.0769446,1.8320443,1.5763792,1.338207,1.1054171,0.81028092,0.60440322,0.40973891,0.18367712,-0.041936133,-0.21417368,-0.38282295,-0.52276597,-0.67840771,-0.82283608,-0.92196237,-1.0242284,-1.1166267,-1.2247237,-1.3023203,-1.381711,-1.4463001,-1.514926,-1.5660591,-1.6131553,-1.6584573,-1.6970314,-1.7315686,-1.7692455,-1.7957091,-1.8217242,-1.8441509,-1.8625409,-1.8831735,-1.9002178,1
1.727038,1.5891453,1.4634197,1.3494104,1.243963,1.1412195,1.0411797,0.94429435,0.85011276,0.75908558,0.67436721,0.59685892,0.52430755,0.45626248,0.39362496,0.33504312,0.28502323,0.24266404,0.20300864,0.16785953,0.13766735,0.10927768,0.081338645,0.060159053,0.047090794,0.033571906,0.016447981,0.0029290925,0.0029290925,0.018250499,0.049343942,0.09846257,0.17642149,0.2967396,0.47518892,0.75412865,1.1844799,1.6990989,1.8928697,1.4539564,0.83749513,0.42021211,0.20976808,0.12189531,0.10567264,0.14352553,0.22734264,0.33504312,0.40579196,0.35892648,0.1962492,0.013293573,-0.1187409,-0.19760108,-0.2435653,-0.27375749,-0.2967396,-0.3165673,-0.33594437,-0.35396956,-0.37334663,-0.39813126,-0.42652093,-0.45265744,-0.47068263,-0.48104711,-0.48915844,-0.49997355,-0.51664685,-0.53512266,-0.54954281,-0.55810477,-0.5630617,-0.56486422,-0.56576548,-0.56576548,-0.56441359,-0.56080855,-0.55540099,-0.54909218,-0.54278337,-0.53737581,-0.531067,-0.52430755,-0.51799874,-0.51078866,-0.50267733,-0.49681915,-0.49276348,-0.48870781,-0.48510278,-0.48014585,-0.47293578,-0.46347255,-0.44860178,-0.4292247,-0.40894637,-0.39542748,-0.39632874,-0.40984763,-0.42516904,-0.43508289,-0.43958918,-0.44003981,-0.43643478,-0.42877407,-0.41931085,-0.40984763,-0.39993378,-0.39227308,-0.38641489,-0.38280985,-0.38371111,-0.38821741,-0.39858189,-0.41255141,-0.42516904,-0.43733604,-0.44679926,-0.44995367,-0.44860178,-0.44229296,-0.42336652,-0.38190859,-0.33504312,-0.30485093,-0.28998015,-0.29583834,-0.30845597,-0.31341289,-0.30755471,-0.29538771,-0.28186882,-0.27195497,-0.26744867,-0.27510938,-0.28907889,-0.30845597,-0.33414186,-0.35892648,-0.38190859,-0.38461237,-0.36478467,-0.3287343,-0.312061,-0.36478467,-0.42336652,-0.47293578,-0.50312796,-0.52160377,-0.52926448,-0.52611007,-0.52746196,-0.53962896,-0.55449974,-0.56035792,-0.55990729,-0.54999344,-0.53782644,-0.52565944,-0.50718363,-0.48825718,-0.47068263,-0.45085492,-0.4260703,-0.39407559,-0.35937711,-0.32197486,-0.28907889,-0.24671971,-0.19489731,-0.12955601,-0.053399609,0.0056328701,0.096660051,0.18273031,0.30349904,0.41976148,0.5508947,0.69644806,0.86092787,1.0452354,1.2511731,1.4728829,1.7216304,1.9649704,2.2132673,2.4827438,2.6913853,2.9121939,3.0406233,3.1014583,3.1636452,3.1343543,2.9707757,2.8189135,2.6228896,2.5147385,2.3056464,2.0803316,1.8351891,1.5796821,1.3372434,1.1047185,0.8127105,0.60587151,0.40849574,0.18182905,-0.043485757,-0.21697816,-0.385063,-0.52611007,-0.68067603,-0.82307498,-0.92266413,-1.0254077,-1.1195893,-1.2268391,-1.3043474,-1.3845595,-1.4503514,-1.5197484,-1.5711201,-1.6193375,-1.6653017,-1.7036052,-1.7387544,-1.7761566,-1.8027438,-1.8288803,-1.852313,-1.8716901,-1.8919684,-1.9090923,1
1.7033853,1.568078,1.4452743,1.3305087,1.2251208,1.1255382,1.0272952,0.93217821,0.83974053,0.75132188,0.66915506,0.5927935,0.5222372,0.45569993,0.39184202,0.33334281,0.28109543,0.23599299,0.19669581,0.16141766,0.12792575,0.096666629,0.069873099,0.05022451,0.037274304,0.026110333,0.011373892,-0.0015763145,-0.0042556675,0.0064617445,0.033255275,0.083269864,0.16588325,0.29270596,0.48383314,0.78972594,1.2711164,1.845391,2.057953,1.5689711,0.88216362,0.4083647,0.16499013,0.06585407,0.053350422,0.10381157,0.20250107,0.32351852,0.40747158,0.36772784,0.19982172,0.002442715,-0.14670794,-0.23780594,-0.28782053,-0.31550718,-0.33202985,-0.34765941,-0.36507521,-0.382491,-0.40124647,-0.42491409,-0.45126106,-0.47492868,-0.49234448,-0.50261533,-0.50976027,-0.51824489,-0.53119509,-0.54548498,-0.55575583,-0.56200765,-0.56513357,-0.56736636,-0.56870604,-0.5691526,-0.5669198,-0.56245421,-0.55620239,-0.54905745,-0.54146595,-0.53521412,-0.53030198,-0.52538983,-0.52047768,-0.51467242,-0.50886715,-0.50395501,-0.49948942,-0.49591695,-0.4910048,-0.48475298,-0.47716147,-0.46465783,-0.44768859,-0.42491409,-0.3999068,-0.38204444,-0.38204444,-0.39812056,-0.4150898,-0.42580721,-0.4302728,-0.4302728,-0.42580721,-0.41776915,-0.40660518,-0.39544121,-0.38517035,-0.3771323,-0.37088047,-0.367308,-0.36909424,-0.37579262,-0.38963594,-0.40660518,-0.42178818,-0.4356315,-0.44634892,-0.4508145,-0.44902827,-0.44099021,-0.41866227,-0.37132703,-0.31729341,-0.28246182,-0.26504603,-0.27129785,-0.28558773,-0.29362579,-0.2891602,-0.27710312,-0.26370635,-0.25388206,-0.25030959,-0.25924076,-0.27353065,-0.29362579,-0.321759,-0.34855253,-0.37266671,-0.3748995,-0.352125,-0.31104159,-0.29317923,-0.35257156,-0.41687603,-0.46912342,-0.50127565,-0.51958456,-0.52628295,-0.5213708,-0.5213708,-0.53432101,-0.55262992,-0.56066798,-0.56066798,-0.5517368,-0.54191251,-0.52985542,-0.51199306,-0.49457727,-0.47716147,-0.45885256,-0.43652462,-0.41062421,-0.37936509,-0.33872824,-0.30478976,-0.26236667,-0.20967273,-0.1449217,-0.069006699,-0.012293727,0.077911158,0.16275734,0.28154199,0.39541449,0.52580967,0.67272753,0.83840086,1.0228297,1.2295864,1.4542055,1.7065112,1.9494392,2.1946,2.467894,2.6809026,2.9099873,3.0394894,3.0926299,3.1578275,3.1395185,2.9707193,2.8171031,2.6232965,2.5196949,2.3107053,2.0878725,1.8422651,1.5846007,1.3447986,1.1116949,0.81651947,0.60886961,0.4137234,0.18865775,-0.037301021,-0.21056585,-0.37981165,-0.51958456,-0.67409392,-0.81743931,-0.91612881,-1.0174977,-1.1090422,-1.2171095,-1.2939176,-1.3734051,-1.4381561,-1.5078193,-1.558727,-1.6056157,-1.6507181,-1.6891222,-1.7239537,-1.7614647,-1.7878117,-1.8137121,-1.83604,-1.855242,-1.8748906,-1.8918599,1
1.7710074,1.6294526,1.5010552,1.3835465,1.2705749,1.1612329,1.0582427,0.95842844,0.86224377,0.77150352,0.68484657,0.60499515,0.53149554,0.46117184,0.39538515,0.33413548,0.27923763,0.23023789,0.18849737,0.15129387,0.11681257,0.084599778,0.055562896,0.032877832,0.018813092,0.0070168587,-0.0075015823,-0.019751517,-0.022927426,-0.011131193,0.016998287,0.06781283,0.15265497,0.28150613,0.47750509,0.79645709,1.3005192,1.9071178,2.1321537,1.6208323,0.89990098,0.40264438,0.15084016,0.049211078,0.037414844,0.091858998,0.1980251,0.32959847,0.42396834,0.38903334,0.21390464,0.0052020536,-0.15359339,-0.24977807,-0.30150001,-0.33053689,-0.34823124,-0.36274968,-0.37772183,-0.39450877,-0.41401793,-0.4380641,-0.46483247,-0.48842494,-0.50521189,-0.51519332,-0.52245254,-0.53107286,-0.5446839,-0.56010974,-0.57190598,-0.57825779,-0.5823411,-0.58551701,-0.58778552,-0.58687812,-0.58460961,-0.5805263,-0.57417448,-0.56646156,-0.55920234,-0.55239682,-0.5464987,-0.54150799,-0.53606357,-0.53016546,-0.52335994,-0.51700812,-0.51201741,-0.50748039,-0.50248968,-0.49613786,-0.48797124,-0.4748139,-0.45621215,-0.43261968,-0.40585131,-0.38543475,-0.38407365,-0.39949949,-0.41719384,-0.42808267,-0.43261968,-0.43125858,-0.42581416,-0.41628644,-0.4031291,-0.38997176,-0.37726813,-0.3672867,-0.35866637,-0.35367566,-0.35367566,-0.36002748,-0.37409222,-0.39269397,-0.40902722,-0.42354566,-0.43488819,-0.4398789,-0.4385178,-0.43035118,-0.40630501,-0.35549046,-0.2978704,-0.2606669,-0.24161144,-0.25023177,-0.26883352,-0.27745384,-0.27246313,-0.25885209,-0.24342625,-0.23117631,-0.2252782,-0.23163001,-0.24614846,-0.26747242,-0.2960556,-0.32463878,-0.35049975,-0.35322196,-0.32826839,-0.28471306,-0.26520391,-0.32690728,-0.39632358,-0.45303624,-0.48751754,-0.50657299,-0.51201741,-0.50657299,-0.50748039,-0.52154513,-0.54060059,-0.54876721,-0.54831351,-0.53969318,-0.52880435,-0.51564702,-0.49704526,-0.47935091,-0.46256397,-0.44305481,-0.41900864,-0.38997176,-0.35775897,-0.32010176,-0.28562047,-0.24433365,-0.19488021,-0.13408424,-0.059223528,-0.0011497644,0.086868284,0.17171042,0.28831165,0.40082957,0.52922703,0.67168923,0.83275319,1.0142337,1.2161308,1.4334537,1.6757302,1.9121085,2.1512091,2.4120873,2.6216973,2.8403814,2.9701399,3.0336581,3.0989911,3.0826578,2.9333901,2.7909279,2.6071789,2.508272,2.3086435,2.0895057,1.8490441,1.6004158,1.36313,1.1331034,0.84091981,0.63267092,0.43258866,0.20346951,-0.023834828,-0.20168573,-0.37454592,-0.51973033,-0.67580357,-0.82325648,-0.92624668,-1.0310517,-1.1245141,-1.2329487,-1.3118928,-1.3926516,-1.4579846,-1.5278546,-1.5804839,-1.6285763,-1.6748538,-1.7143258,-1.7492608,-1.786918,-1.8145938,-1.8413622,-1.8645009,-1.8840101,-1.9048803,-1.922121,0
1.7013868,1.5660108,1.4422898,1.3279823,1.2212953,1.1199874,1.0213692,0.92544056,0.83399456,0.74478989,0.66230918,0.58744898,0.51617489,0.44938345,0.38617812,0.32880024,0.2772498,0.23063027,0.19163124,0.15845966,0.12663286,0.094806069,0.067461922,0.04729001,0.034738599,0.024876775,0.011877099,0.00022221669,-0.0020191068,0.010532305,0.038772981,0.090771686,0.17639024,0.30504221,0.49914083,0.80978827,1.2966037,1.8806926,2.1012389,1.6081477,0.91199262,0.42876327,0.18221769,0.081358128,0.067013657,0.11677104,0.21583754,0.33911033,0.42697021,0.39110904,0.22166498,0.020842393,-0.13067108,-0.2243584,-0.27680537,-0.30594257,-0.32476969,-0.34225202,-0.36063087,-0.38035451,-0.40142296,-0.42518098,-0.45207687,-0.47673143,-0.49466201,-0.50542037,-0.51214434,-0.52066137,-0.53500584,-0.5506951,-0.56190172,-0.56862569,-0.57221181,-0.5735566,-0.57445313,-0.57400487,-0.57086701,-0.5659361,-0.55921213,-0.55159163,-0.54486766,-0.53948848,-0.53455757,-0.53007493,-0.52514401,-0.5202131,-0.51573045,-0.50990301,-0.50586863,-0.50183425,-0.49600681,-0.49017937,-0.48121407,-0.4682144,-0.45028381,-0.42652578,-0.40097469,-0.38214757,-0.38080278,-0.39694031,-0.4135261,-0.42428446,-0.42921537,-0.42966363,-0.42562925,-0.41666396,-0.4059056,-0.39559551,-0.38618196,-0.37811319,-0.37138922,-0.3678031,-0.37004443,-0.3767684,-0.39111287,-0.40904346,-0.42293966,-0.43593934,-0.44624943,-0.44938728,-0.44804248,-0.44042198,-0.41666396,-0.36869963,-0.31311481,-0.2763571,-0.25797825,-0.26380569,-0.27815016,-0.28801199,-0.28308107,-0.26963313,-0.25528866,-0.24497857,-0.24049593,-0.25170255,-0.26739181,-0.28756372,-0.3144596,-0.34045896,-0.36556178,-0.36601004,-0.34180375,-0.30101166,-0.28308107,-0.34718293,-0.41038825,-0.46462828,-0.49779987,-0.51886831,-0.52693707,-0.5215579,-0.5215579,-0.5367989,-0.55472948,-0.56145345,-0.56369478,-0.55472948,-0.54576419,-0.53231625,-0.51169607,-0.49242069,-0.47359357,-0.4529734,-0.42966363,-0.40231949,-0.37318228,-0.33552804,-0.2992186,-0.25573693,-0.20553128,-0.14546381,-0.067465753,-0.010536136,0.080909863,0.16383883,0.28397377,0.3991778,0.52962283,0.67575712,0.84027027,1.0245071,1.2302606,1.4530481,1.7040763,1.9474841,2.1886505,2.4598506,2.6723281,2.9013914,3.0309399,3.0789042,3.1465922,3.1367303,2.9547349,2.792463,2.5880543,2.5015393,2.3016132,2.0815152,1.8340731,1.5718383,1.3396371,1.1065395,0.79858165,0.595966,0.41128095,0.18221769,-0.053121283,-0.22391013,-0.39290593,-0.5278336,-0.68965716,-0.83668798,-0.93082357,-1.0289935,-1.1208878,-1.2320574,-1.3055729,-1.3840192,-1.4476728,-1.5176021,-1.5669112,-1.6126342,-1.6570124,-1.6942184,-1.7287347,-1.7672855,-1.7928366,-1.8188359,-1.8412492,-1.8605246,-1.8811447,-1.8986271,1
1.669915,1.5367331,1.415618,1.3038882,1.2010969,1.1005401,1.0031117,0.91015256,0.81942799,0.73227878,0.65093951,0.57585711,0.50703158,0.44178139,0.37876581,0.32066633,0.26927064,0.22457873,0.1861437,0.15173093,0.11999968,0.088715342,0.060559442,0.040448084,0.027487432,0.015867536,0.0024599647,-0.0087130116,-0.011394526,-0.0020092258,0.023912079,0.072179337,0.1535186,0.27686826,0.46278659,0.76401003,1.2364035,1.7999684,2.0122549,1.5389677,0.86590757,0.39887716,0.15932855,0.062347118,0.049833384,0.097206804,0.19061289,0.30725876,0.38904495,0.35195066,0.19016597,-0.0011153877,-0.14636408,-0.23574789,-0.28535591,-0.31127721,-0.32602554,-0.34032695,-0.35641603,-0.37473972,-0.39619183,-0.42256005,-0.45160979,-0.47663726,-0.4940671,-0.50389932,-0.51105003,-0.51954149,-0.53250214,-0.54725047,-0.55797653,-0.56423339,-0.56736183,-0.56959642,-0.57004334,-0.56959642,-0.56736183,-0.56244572,-0.55618885,-0.54903815,-0.54233436,-0.53697133,-0.53250214,-0.52803295,-0.52311684,-0.51775381,-0.51239078,-0.50658084,-0.50166473,-0.49764246,-0.49272635,-0.48602256,-0.47797802,-0.46501736,-0.44758752,-0.42568849,-0.40110794,-0.38278426,-0.3814435,-0.39485107,-0.41004632,-0.42077238,-0.42524157,-0.42524157,-0.42077238,-0.41228092,-0.40110794,-0.38904113,-0.37786815,-0.37027053,-0.36446058,-0.36133214,-0.36222598,-0.36803593,-0.38099658,-0.39753259,-0.411834,-0.42479465,-0.43462687,-0.43864914,-0.43730838,-0.42881692,-0.40602405,-0.35954447,-0.30591418,-0.2710545,-0.25317773,-0.25898768,-0.27194833,-0.27909904,-0.27418293,-0.2616692,-0.24870854,-0.23887632,-0.23664173,-0.24870854,-0.26613839,-0.28893126,-0.317981,-0.34479614,-0.36848285,-0.36982361,-0.34703073,-0.30770186,-0.29071893,-0.34971225,-0.41272784,-0.46501736,-0.49719554,-0.51775381,-0.52535144,-0.52043533,-0.52088225,-0.53428982,-0.55171966,-0.55887037,-0.55887037,-0.54948507,-0.53786517,-0.52401068,-0.50524008,-0.4869164,-0.46859272,-0.44892828,-0.42613541,-0.39976718,-0.36982361,-0.32870705,-0.2898251,-0.24245168,-0.18882139,-0.12401813,-0.042231941,0.019442889,0.11418973,0.20178586,0.32245401,0.4395468,0.57272868,0.71976504,0.88512509,1.0701496,1.2761793,1.4996388,1.7494665,1.9890152,2.2316922,2.5038659,2.7143648,2.9315674,3.0558109,3.1085474,3.1733506,3.1474293,2.9682148,2.8091116,2.6124672,2.5110166,2.3000708,2.0690137,1.8182921,1.5626544,1.3244465,1.0907079,0.79574128,0.58792392,0.39351414,0.16782001,-0.057427188,-0.22859719,-0.39574491,-0.53607749,-0.69071149,-0.8341725,-0.93294161,-1.035733,-1.1282452,-1.234612,-1.3101413,-1.3883521,-1.4504739,-1.5166179,-1.565779,-1.6118117,-1.6556097,-1.6931509,-1.7275637,-1.7637641,-1.7896854,-1.8156067,-1.8375058,-1.8567233,-1.8768347,-1.8938176,0
1.7694412,1.6279038,1.4990684,1.3815741,1.26907,1.161556,1.0581247,0.95877633,0.86305709,0.77051336,0.68477432,0.60493268,0.53053478,0.4602197,0.39444107,0.3331989,0.27830777,0.23022132,0.18893956,0.15174061,0.11635625,0.083693756,0.054660431,0.033792728,0.020183357,0.0070276312,-0.0079426772,-0.021098403,-0.024273923,-0.011571843,0.016554191,0.067362511,0.15083332,0.27830777,0.47292178,0.78911284,1.2890304,1.8896573,2.112851,1.6047678,0.89254406,0.40033846,0.14856509,0.047855745,0.036060957,0.089137505,0.19347602,0.32367234,0.417577,0.38400722,0.21026091,0.0024911741,-0.15447024,-0.24928219,-0.30099781,-0.32912384,-0.34590873,-0.36042539,-0.37630299,-0.39308789,-0.4130483,-0.43799881,-0.46385662,-0.48789984,-0.50468473,-0.51466494,-0.52237691,-0.53099618,-0.54460555,-0.56002951,-0.57137065,-0.57817533,-0.58225815,-0.58452637,-0.58588731,-0.58588731,-0.58407273,-0.57953627,-0.57318523,-0.5659269,-0.55821492,-0.55141024,-0.54596649,-0.54052274,-0.53507899,-0.52872795,-0.52237691,-0.51693316,-0.51148942,-0.50649931,-0.50196286,-0.49561182,-0.48744619,-0.47429047,-0.45659828,-0.43300871,-0.40624361,-0.38582955,-0.38446862,-0.39989257,-0.41758475,-0.42847225,-0.43210142,-0.43119412,-0.42620402,-0.41622382,-0.40352174,-0.39036601,-0.37857122,-0.36859102,-0.35997175,-0.354528,-0.35407435,-0.35997175,-0.37358112,-0.39172695,-0.40851184,-0.42393579,-0.43482329,-0.43935975,-0.43799881,-0.43028683,-0.40624361,-0.35588894,-0.29918322,-0.26289157,-0.24429209,-0.25200407,-0.26924261,-0.27786187,-0.27287177,-0.26016969,-0.24519938,-0.23295095,-0.22659991,-0.2334046,-0.24746761,-0.26833531,-0.29691499,-0.32504103,-0.35135248,-0.354528,-0.33048478,-0.28648114,-0.26652073,-0.3277629,-0.3971707,-0.45342276,-0.48744619,-0.50649931,-0.51194306,-0.50649931,-0.50695296,-0.52146962,-0.54052274,-0.54823472,-0.54868836,-0.5391618,-0.52827431,-0.51557223,-0.49606546,-0.47837328,-0.46204203,-0.44208162,-0.4180384,-0.38855143,-0.35498165,-0.31868999,-0.28466656,-0.24202386,-0.19166919,-0.13042702,-0.055121831,0.0029448198,0.090952088,0.17578384,0.29282443,0.40623586,0.5337103,0.6766087,0.83901386,1.0195649,1.2214372,1.4378262,1.680073,1.9173297,2.1573083,2.4181546,2.6245634,2.8441279,2.9752315,3.0387419,3.1022523,3.0836528,2.9366716,2.7964951,2.6095931,2.5084301,2.3097333,2.0915297,1.8510974,1.6011387,1.3629747,1.132069,0.84128209,0.63260507,0.43300095,0.20481716,-0.024727569,-0.20255669,-0.37494206,-0.51965504,-0.67616281,-0.82359766,-0.92566795,-1.0304601,-1.1239111,-1.2323324,-1.3112668,-1.3915621,-1.4577944,-1.5272022,-1.5802787,-1.6283652,-1.6741834,-1.7136505,-1.7485813,-1.7866875,-1.8143599,-1.8406713,-1.8638073,-1.883314,-1.9037281,-1.9218739,0
1.6691193,1.5359096,1.4147289,1.302904,1.1999895,1.1001936,1.0026253,0.90951221,0.81818116,0.73085976,0.65155767,0.57671076,0.50721006,0.44171901,0.37934658,0.32187485,0.27108587,0.22653414,0.18643758,0.15213275,0.1200555,0.088869284,0.061692727,0.042089964,0.029169962,0.016695476,0.0028844391,-0.0082534942,-0.010481081,-0.0015707342,0.023823754,0.071939626,0.15213275,0.27465001,0.46087626,0.76070942,1.2293937,1.7903,2.0037028,1.5314544,0.86139634,0.39716728,0.15747895,0.060356175,0.04788169,0.094661009,0.18777413,0.30405416,0.38558383,0.34860589,0.18599206,-0.0051348728,-0.14948249,-0.23769492,-0.28670183,-0.31298735,-0.32768942,-0.34150046,-0.35753908,-0.37580529,-0.39719012,-0.42347565,-0.45198876,-0.47693773,-0.4943129,-0.50411428,-0.51124256,-0.52059843,-0.53351843,-0.54777498,-0.5584674,-0.56425912,-0.56782326,-0.57005085,-0.57094188,-0.57094188,-0.5687143,-0.56381361,-0.55757636,-0.5508936,-0.54421084,-0.53886464,-0.53396395,-0.52906325,-0.52416256,-0.51881636,-0.51347015,-0.50812394,-0.50322325,-0.49921359,-0.49475842,-0.48852118,-0.47961083,-0.46713635,-0.44976117,-0.42703979,-0.40253633,-0.38471564,-0.3838246,-0.39719012,-0.41278323,-0.42258461,-0.42703979,-0.42659427,-0.42169358,-0.41367427,-0.40253633,-0.39050736,-0.38070598,-0.37268667,-0.36644943,-0.36288529,-0.36333081,-0.37001357,-0.3838246,-0.40030875,-0.41411978,-0.42703979,-0.43728668,-0.44040531,-0.43817772,-0.43015841,-0.40877358,-0.36243977,-0.30942321,-0.27511838,-0.25685217,-0.26175286,-0.27422734,-0.2809101,-0.27600941,-0.26398044,-0.25150596,-0.24125906,-0.23814044,-0.24972389,-0.26754458,-0.29071148,-0.32056114,-0.34729218,-0.37135012,-0.37313219,-0.35130184,-0.3116508,-0.29427562,-0.35308391,-0.41501082,-0.46669083,-0.49921359,-0.51792532,-0.5250536,-0.52059843,-0.52104394,-0.53351843,-0.55044809,-0.55802188,-0.5584674,-0.54911153,-0.53752808,-0.52371705,-0.50411428,-0.48584807,-0.4684729,-0.44976117,-0.42614875,-0.39808116,-0.36555839,-0.32367976,-0.28625631,-0.24081354,-0.18646043,-0.12007834,-0.040776259,0.02115065,0.11560032,0.20336724,0.32499347,0.44082798,0.57181007,0.71838527,0.88456324,1.0690074,1.2739454,1.4967041,1.7470848,1.9894462,2.2340352,2.5013456,2.7111843,2.935725,3.064034,3.1197237,3.1767499,3.1504644,2.9820588,2.8234547,2.6162891,2.5089194,2.3013084,2.0749855,1.8241593,1.5653137,1.3269619,1.0935109,0.79768736,0.59007628,0.39761279,0.17396309,-0.05235971,-0.22566595,-0.39451702,-0.53396395,-0.68677639,-0.83067849,-0.93002885,-1.0311613,-1.1233834,-1.2303075,-1.3056,-1.38312,-1.4454924,-1.511429,-1.5604359,-1.6058786,-1.6499849,-1.6869628,-1.7217132,-1.7582456,-1.7840856,-1.8094801,-1.8313104,-1.8500221,-1.8705159,-1.8874456,0
1.6849426,1.5451602,1.4214185,1.308676,1.2032663,1.1033563,1.0048212,0.91132738,0.81966681,0.72938115,0.64459512,0.56714194,0.49518839,0.42781788,0.3668636,0.31049235,0.26099564,0.21929008,0.18354246,0.15191956,0.12396309,0.098298127,0.075841287,0.061175596,0.054301053,0.047426511,0.035968939,0.026802882,0.030469305,0.051092934,0.091881887,0.16154392,0.26878679,0.42735957,0.66476045,1.0364441,1.6006149,2.2527798,2.475515,1.9108859,1.1317711,0.58959878,0.31095065,0.19774985,0.18308415,0.24128862,0.35494772,0.4956467,0.59143199,0.54056038,0.34028203,0.10792249,-0.06531599,-0.16980904,-0.2280135,-0.26192791,-0.28621796,-0.31142462,-0.33892279,-0.36779587,-0.39712725,-0.42691694,-0.45487341,-0.47870516,-0.49428746,-0.50299521,-0.50986975,-0.51949411,-0.53553471,-0.55432513,-0.56807422,-0.57586537,-0.58044839,-0.58319821,-0.58457312,-0.58548972,-0.58365651,-0.57861518,-0.57082403,-0.56211628,-0.55386683,-0.54699229,-0.54195095,-0.53645132,-0.53095169,-0.52453545,-0.51811921,-0.51170297,-0.50620333,-0.5007037,-0.49474576,-0.48695461,-0.47641365,-0.46083135,-0.43974942,-0.41362616,-0.38429477,-0.36321284,-0.36321284,-0.38108665,-0.40125198,-0.41362616,-0.41820918,-0.41683428,-0.41087634,-0.40033537,-0.38704459,-0.3728372,-0.36000472,-0.34900545,-0.340756,-0.33571467,-0.33617297,-0.34304752,-0.35817151,-0.37833684,-0.39529404,-0.41179294,-0.42462542,-0.42966676,-0.42829185,-0.41866749,-0.39162762,-0.33571467,-0.27155227,-0.23076332,-0.2115146,-0.22068066,-0.23901277,-0.24817883,-0.24222089,-0.2275552,-0.2119729,-0.20097363,-0.19776551,-0.20876478,-0.22572199,-0.25047034,-0.28392645,-0.31554935,-0.34533903,-0.34854715,-0.32196559,-0.2765936,-0.2596364,-0.33204825,-0.40720992,-0.47183062,-0.51261957,-0.53828453,-0.5488255,-0.54561738,-0.5492838,-0.56807422,-0.59144766,-0.60290523,-0.60657166,-0.59923881,-0.59053106,-0.57861518,-0.56074137,-0.54653398,-0.5327849,-0.51536939,-0.49245425,-0.46312286,-0.43149997,-0.39896047,-0.36917078,-0.32929843,-0.28071833,-0.22068066,-0.14918541,-0.093272464,-0.0057366199,0.077674499,0.19454173,0.30545102,0.43377581,0.57722461,0.73992212,0.92232665,1.1253548,1.3448819,1.5909905,1.829308,2.0731251,2.3398574,2.5520516,2.7802864,2.911361,2.9755234,3.0493102,3.032353,2.8714887,2.7243735,2.5378442,2.440684,2.2371975,2.0158373,1.773395,1.5222451,1.2866774,1.0538596,0.76100405,0.55843419,0.36411378,0.13817047,-0.085023013,-0.25688658,-0.42508373,-0.5648661,-0.71977246,-0.86230465,-0.96175636,-1.0644162,-1.1583683,-1.2669861,-1.3439809,-1.4241839,-1.4901796,-1.558925,-1.6097966,-1.6570018,-1.7019155,-1.7399546,-1.7747856,-1.8119082,-1.8380314,-1.8641547,-1.8866115,-1.9054019,-1.9255673,-1.9425245,1
1.6882103,1.5533489,1.4314378,1.3189044,1.2126229,1.1112536,1.0143498,0.92012549,0.82858049,0.74060798,0.65799421,0.58207885,0.5128619,0.44721744,0.38514546,0.3275391,0.27618459,0.23108194,0.19267769,0.15918562,0.12658667,0.095327405,0.068087187,0.047545383,0.035488237,0.024770774,0.010480824,0.00020992182,-0.00068320009,0.010927385,0.040400408,0.093541161,0.18062055,0.31146291,0.51062909,0.83170642,1.3309616,1.9248876,2.1463819,1.641768,0.92950327,0.4373931,0.1846396,0.081930576,0.06942687,0.12212106,0.22438352,0.34986715,0.4373931,0.39675605,0.22215072,0.015839555,-0.14045678,-0.23602082,-0.28826845,-0.31729492,-0.33471079,-0.34944731,-0.36597006,-0.38338594,-0.40258806,-0.42670235,-0.45394257,-0.47805686,-0.49547274,-0.50574364,-0.51288861,-0.52181983,-0.5347701,-0.54950661,-0.55977751,-0.56558281,-0.56870873,-0.57094154,-0.57228122,-0.57228122,-0.57049498,-0.56602937,-0.55977751,-0.55173942,-0.545041,-0.53923571,-0.53432354,-0.52985793,-0.52494576,-0.51914047,-0.51333518,-0.508423,-0.50351083,-0.49904522,-0.49457962,-0.48832776,-0.47939654,-0.46644628,-0.44858384,-0.42446955,-0.39812245,-0.37981345,-0.37981345,-0.39588964,-0.41419864,-0.42580923,-0.43027484,-0.42893516,-0.42312986,-0.41419864,-0.40258806,-0.39053091,-0.37936689,-0.37043567,-0.36463038,-0.36150445,-0.36373726,-0.37088223,-0.38472562,-0.40258806,-0.41777113,-0.43206108,-0.44233198,-0.44635103,-0.44501135,-0.43652669,-0.41285896,-0.36418382,-0.30747058,-0.27129914,-0.2534367,-0.26058168,-0.27576475,-0.28469597,-0.28023036,-0.26772665,-0.25477638,-0.2453986,-0.24137955,-0.25075733,-0.26638697,-0.28782189,-0.31684836,-0.34408857,-0.36909599,-0.37088223,-0.34676794,-0.30523777,-0.28648221,-0.34944731,-0.41598489,-0.47001876,-0.50306427,-0.52271296,-0.52985793,-0.52494576,-0.52539232,-0.53878915,-0.55754471,-0.56558281,-0.56647593,-0.55665159,-0.54682725,-0.53610978,-0.51735422,-0.50038491,-0.48430871,-0.46599971,-0.44456479,-0.41821769,-0.38651186,-0.34766106,-0.31461555,-0.27129914,-0.21815838,-0.15430017,-0.079724489,-0.023011248,0.066747504,0.15159409,0.27127242,0.3846989,0.51554126,0.66156669,0.82634769,1.0116705,1.2175351,1.4399224,1.6904431,1.9342654,2.1816602,2.455402,2.6675185,2.8983905,3.0310191,3.085053,3.1524837,3.1337281,2.9591228,2.8041662,2.6072328,2.5085428,2.3022316,2.0753787,1.8266442,1.5712114,1.3345341,1.1018758,0.80401964,0.59726192,0.4030079,0.17838774,-0.0475721,-0.21994463,-0.38963779,-0.52762513,-0.68213522,-0.82592784,-0.92372469,-1.0246475,-1.1157459,-1.2233671,-1.2992825,-1.3783237,-1.4417354,-1.5109523,-1.5614137,-1.6074095,-1.6525122,-1.6904699,-1.7244085,-1.7619196,-1.7887133,-1.8146138,-1.8364953,-1.8548043,-1.8748995,-1.8918688,1
1.6784521,1.5449713,1.4229823,1.311159,1.2055236,1.1043081,1.0075125,0.91469473,0.82541292,0.73966702,0.65922498,0.5849708,0.51690447,0.45193206,0.39093755,0.33347895,0.2826502,0.23889327,0.19999822,0.16640704,0.13458382,0.10320259,0.075357268,0.055909743,0.043092057,0.031600338,0.018340662,0.0068489436,0.0050809868,0.016572706,0.043092057,0.091268878,0.17126892,0.29193197,0.47358953,0.76441841,1.2205513,1.7712698,1.9820986,1.5144741,0.85104829,0.39447346,0.16066118,0.064307538,0.051047862,0.097898716,0.1924844,0.30872756,0.38784362,0.34850659,0.18718053,-0.001548851,-0.14431136,-0.2327092,-0.28309596,-0.31226725,-0.33038881,-0.34630042,-0.36221203,-0.37723966,-0.39536122,-0.41967062,-0.445306,-0.46740545,-0.48287508,-0.49259884,-0.49967067,-0.50939443,-0.52442206,-0.54077566,-0.55315136,-0.56022318,-0.5637591,-0.56552705,-0.56641103,-0.56641103,-0.56464308,-0.56022318,-0.55403534,-0.5474055,-0.54121765,-0.53591378,-0.53060991,-0.52530604,-0.52088615,-0.51514029,-0.50983642,-0.50453255,-0.49967067,-0.49480878,-0.4899469,-0.48331707,-0.47447728,-0.46210158,-0.445306,-0.42364852,-0.4002231,-0.38298552,-0.38298552,-0.39845514,-0.41480874,-0.42541648,-0.43072035,-0.43116234,-0.42718444,-0.41967062,-0.40950487,-0.39933912,-0.39005735,-0.38298552,-0.37768165,-0.37458773,-0.37635568,-0.38254353,-0.3962452,-0.4125988,-0.42585847,-0.43911815,-0.44884191,-0.45193583,-0.45105185,-0.44353804,-0.42143858,-0.37723966,-0.32552693,-0.29193575,-0.27558215,-0.28132801,-0.29458768,-0.30298548,-0.29944956,-0.28839983,-0.27646613,-0.26851032,-0.26674236,-0.2773501,-0.29149376,-0.31138327,-0.33657666,-0.36044407,-0.38254353,-0.38254353,-0.36044407,-0.322433,-0.30563741,-0.36530595,-0.42497449,-0.47447728,-0.50453255,-0.52398007,-0.53016792,-0.52442206,-0.52309609,-0.53635577,-0.55315136,-0.55933921,-0.55845523,-0.54917345,-0.54077566,-0.52884195,-0.50983642,-0.49127287,-0.47315131,-0.45237782,-0.42939438,-0.40331702,-0.37414574,-0.33613467,-0.29900757,-0.25569263,-0.2039799,-0.14121743,-0.062543359,-0.0050847645,0.086848986,0.17259489,0.29369993,0.41038507,0.54342382,0.69237417,0.85988808,1.0486175,1.2585623,1.4853028,1.7407725,1.9882865,2.2340325,2.5089497,2.7233145,2.9531489,3.0813257,3.1317125,3.194033,3.1732595,2.988066,2.824972,2.620331,2.5199995,2.3118226,2.0811042,1.8304963,1.5706067,1.3310485,1.0972363,0.79845158,0.59425257,0.40242927,0.17657279,-0.049283683,-0.21856554,-0.38519547,-0.52088615,-0.67602435,-0.81834487,-0.91425652,-1.0132621,-1.1029859,-1.2095053,-1.2846435,-1.3642015,-1.427848,-1.4963563,-1.5458591,-1.5922679,-1.6360249,-1.673152,-1.7080691,-1.7443122,-1.7699476,-1.795583,-1.8172404,-1.836246,-1.8565775,-1.8729311,0
1.7767503,1.6371749,1.5093436,1.3887396,1.2762662,1.1692132,1.0657738,0.96730307,0.87289767,0.78120247,0.69402428,0.61362159,0.53863931,0.46772234,0.40087066,0.3394394,0.28568704,0.23645169,0.19354014,0.1565007,0.12171977,0.088745632,0.0584817,0.036800077,0.022797362,0.0096980479,-0.0056597684,-0.018759082,-0.022824387,-0.013790377,0.012408251,0.061643603,0.14385309,0.26987752,0.46185023,0.77262016,1.264522,1.8562496,2.0771311,1.5789055,0.87334937,0.38686795,0.14023949,0.040413681,0.028217768,0.080163323,0.18269933,0.30962717,0.40087066,0.36518633,0.19399184,-0.010176773,-0.16511004,-0.25906374,-0.31010589,-0.33675622,-0.35256574,-0.36611675,-0.38237797,-0.39954259,-0.41851401,-0.44245413,-0.46865276,-0.49168949,-0.507499,-0.51743641,-0.52376022,-0.53143913,-0.54408674,-0.55854116,-0.56893027,-0.57525407,-0.57886768,-0.58157788,-0.58338468,-0.58338468,-0.58202958,-0.57841598,-0.57164047,-0.56441326,-0.55808946,-0.55176565,-0.54589354,-0.54137654,-0.53640783,-0.53053573,-0.52466362,-0.51924322,-0.51427451,-0.51020921,-0.5056922,-0.50027179,-0.49123779,-0.47813847,-0.46052215,-0.43703373,-0.4103834,-0.39096028,-0.39005688,-0.40586639,-0.42348271,-0.43432352,-0.43748543,-0.43613033,-0.43070992,-0.42032081,-0.4076732,-0.39457388,-0.38192627,-0.37244056,-0.36476165,-0.36024465,-0.35979295,-0.36611675,-0.37966777,-0.39683238,-0.4130936,-0.42754802,-0.43838883,-0.44290583,-0.44155073,-0.43387182,-0.4108351,-0.36205145,-0.30604059,-0.26990455,-0.25093313,-0.25906374,-0.27622836,-0.28390726,-0.27893856,-0.26629095,-0.25138483,-0.23964062,-0.23376851,-0.23964062,-0.25319163,-0.27396985,-0.30242698,-0.33088411,-0.35753444,-0.36024465,-0.33585282,-0.29248957,-0.27216305,-0.33088411,-0.39728409,-0.45103644,-0.48355888,-0.5016269,-0.5070473,-0.5011752,-0.5007235,-0.51427451,-0.53143913,-0.53866634,-0.53866634,-0.52963233,-0.51833981,-0.5056922,-0.48672078,-0.46955616,-0.45193984,-0.43296842,-0.4090283,-0.37876437,-0.34488683,-0.30829909,-0.27442155,-0.23196171,-0.18272636,-0.12084339,-0.046312812,0.01150485,0.10003814,0.18360273,0.29878636,0.41080807,0.53863931,0.68092496,0.84173033,1.0206037,1.220707,1.4366199,1.6778279,1.9140673,2.1539202,2.4154548,2.6254955,2.8490873,2.9809838,3.0469321,3.1151389,3.0970708,2.9457512,2.8016587,2.6151064,2.5148289,2.3160807,2.0983611,1.857153,1.6078143,1.3706716,1.1407561,0.84940924,0.63982022,0.43926521,0.20934966,-0.019210783,-0.19718077,-0.37108546,-0.51698471,-0.67417648,-0.82188254,-0.92441855,-1.0292131,-1.1227151,-1.2306715,-1.3097191,-1.3892183,-1.4542632,-1.5229217,-1.5748672,-1.6227475,-1.6679175,-1.7067638,-1.7419964,-1.7794876,-1.8070413,-1.8327882,-1.8558249,-1.8756998,-1.896478,-1.9136426,1
1.6850313,1.5484115,1.4252739,1.3111245,1.2041656,1.1034983,1.0064264,0.91070264,0.81767534,0.72959152,0.64735,0.5727484,0.50309028,0.436578,0.37455981,0.31748509,0.26625266,0.22041312,0.1817641,0.14850797,0.11660005,0.086489767,0.060424147,0.041549043,0.028516234,0.016831645,0.0033494283,-0.0092339743,-0.011031603,0.0011023921,0.030313863,0.082445102,0.16738307,0.29681235,0.49320332,0.81003542,1.3070798,1.8993986,2.1209563,1.6230131,0.91834256,0.42758986,0.17637121,0.074355772,0.060873555,0.1134542,0.21502024,0.34040486,0.43163453,0.39703017,0.22580601,0.021775125,-0.13237156,-0.22674708,-0.28022654,-0.30853919,-0.32606608,-0.34359296,-0.36291747,-0.38403961,-0.40561116,-0.43077796,-0.4581918,-0.4829092,-0.5013349,-0.51212067,-0.51841237,-0.52695111,-0.53998392,-0.55346614,-0.5633531,-0.56874598,-0.57144243,-0.57368946,-0.57503769,-0.57368946,-0.57054361,-0.56560013,-0.55796021,-0.54942147,-0.54178155,-0.53548985,-0.53009696,-0.52470408,-0.5197606,-0.51481712,-0.50807601,-0.50223371,-0.49818905,-0.49369498,-0.48830209,-0.48066217,-0.46987639,-0.45549536,-0.43662026,-0.41235227,-0.38583724,-0.36516451,-0.36426569,-0.37999494,-0.39752183,-0.40965582,-0.41594752,-0.41729575,-0.41414989,-0.40650997,-0.3957242,-0.38538783,-0.37595028,-0.36741154,-0.35977162,-0.35527755,-0.35617636,-0.36156925,-0.37639969,-0.39437598,-0.40920642,-0.42448626,-0.43572144,-0.43976611,-0.43841789,-0.42987915,-0.40516175,-0.35662577,-0.30134868,-0.26404788,-0.24517277,-0.25236329,-0.26629491,-0.27618187,-0.27303602,-0.26000321,-0.246521,-0.23708344,-0.234387,-0.246521,-0.26314906,-0.2842712,-0.31303327,-0.34134592,-0.36741154,-0.36786095,-0.34404237,-0.3026969,-0.2842712,-0.35168229,-0.41549812,-0.46942698,-0.50358193,-0.5265017,-0.53504044,-0.52919815,-0.52919815,-0.54447799,-0.56425191,-0.57144243,-0.57279065,-0.5633531,-0.55346614,-0.54043333,-0.52021,-0.50178431,-0.48425742,-0.4640341,-0.44021551,-0.41325108,-0.3835902,-0.34539059,-0.31123564,-0.26944076,-0.21820834,-0.15753836,-0.081139132,-0.024064413,0.06806407,0.15255263,0.27164555,0.38579499,0.51792071,0.6657757,0.83295519,1.020358,1.2306806,1.4571818,1.7088499,1.9519792,2.1973556,2.4665505,2.6764237,2.9078684,3.0417918,3.0943724,3.154593,3.1451554,2.9658419,2.8049541,2.5964292,2.4989078,2.2944275,2.0733192,1.8288416,1.5699831,1.3353925,1.1030489,0.79745202,0.59566817,0.41500646,0.19030284,-0.042939517,-0.21236605,-0.38134317,-0.51526652,-0.67435669,-0.82221167,-0.917486,-1.0172544,-1.1093829,-1.2226335,-1.2999316,-1.3808249,-1.4455395,-1.5178941,-1.5691265,-1.6158648,-1.661255,-1.6990052,-1.7336095,-1.7731574,-1.7996724,-1.8252886,-1.847759,-1.8657353,-1.8868574,-1.9039349,0
1.6902006,1.5539048,1.4365015,1.3244961,1.2169889,1.1148795,1.0177181,0.92325573,0.83149224,0.74422696,0.66235953,0.58544014,0.51481824,0.44689526,0.3834705,0.32634323,0.27461381,0.22918189,0.18959764,0.15586106,0.12572305,0.096034866,0.069945247,0.050602943,0.038457775,0.028561713,0.015067082,0.0038215564,0.0038215564,0.016866366,0.047454196,0.103232,0.19139692,0.32544359,0.52966233,0.8562324,1.3672291,1.9735878,2.1948998,1.6825536,0.96104069,0.45859061,0.20039334,0.095585045,0.082090414,0.13651876,0.2422267,0.37177515,0.4603899,0.41855654,0.24042741,0.029011534,-0.13022511,-0.22783627,-0.28226461,-0.31150298,-0.33084529,-0.34928795,-0.36908007,-0.3888722,-0.40956396,-0.43340448,-0.45859446,-0.48063569,-0.49727906,-0.50672531,-0.51257298,-0.51977011,-0.53281492,-0.5472092,-0.55845472,-0.56520204,-0.56925043,-0.572849,-0.57464828,-0.57419846,-0.57194935,-0.56700132,-0.55935436,-0.55125759,-0.54406045,-0.53776296,-0.5323651,-0.52741707,-0.52291886,-0.51752101,-0.51212316,-0.50672531,-0.50312674,-0.49952817,-0.49502996,-0.48783282,-0.47703712,-0.46264284,-0.44375036,-0.41856038,-0.3911213,-0.37132918,-0.37132918,-0.38797256,-0.40641522,-0.41856038,-0.42395824,-0.42305859,-0.41856038,-0.41001379,-0.39876826,-0.38662309,-0.37582739,-0.36728079,-0.36008365,-0.35558544,-0.3569349,-0.36413204,-0.3803256,-0.3996679,-0.41496182,-0.42980591,-0.44060161,-0.44509982,-0.44375036,-0.4361034,-0.41091343,-0.36008365,-0.30250656,-0.26472159,-0.24537929,-0.25302625,-0.26966963,-0.27956569,-0.27461766,-0.26067321,-0.2476284,-0.23728251,-0.23323412,-0.24223054,-0.25707464,-0.27911587,-0.30925388,-0.3375926,-0.36413204,-0.3654815,-0.34119117,-0.29845817,-0.27911587,-0.34703884,-0.41226289,-0.46759088,-0.50222709,-0.52426833,-0.53326475,-0.52786689,-0.52786689,-0.54451027,-0.56565186,-0.57419846,-0.57644756,-0.5665515,-0.55845472,-0.54585973,-0.52561779,-0.50852459,-0.4936805,-0.47433819,-0.45139732,-0.42485788,-0.39471987,-0.3569349,-0.32094922,-0.27866605,-0.22873591,-0.16756025,-0.092889964,-0.037561978,0.05375169,0.13696858,0.25617115,0.36862641,0.49862468,0.64481651,0.80900119,0.99387763,1.2012451,1.4248062,1.6776056,1.9223082,2.1661112,2.4364537,2.6478695,2.8844754,3.016273,3.0617049,3.1336762,3.1282784,2.9402532,2.7778678,2.5781473,2.4926813,2.29476,2.0765968,1.8296451,1.563351,1.3307936,1.0986859,0.79190799,0.59083799,0.40776084,0.18150086,-0.052406072,-0.22288824,-0.39292059,-0.52651743,-0.68620389,-0.83419501,-0.9282076,-1.0267184,-1.1189317,-1.2318368,-1.3065071,-1.3861254,-1.4508996,-1.5219714,-1.5723513,-1.6186829,-1.6641148,-1.7014499,-1.7360862,-1.7756704,-1.80176,-1.8273998,-1.8489912,-1.8674339,-1.8885755,-1.9056687,1
1.6990285,1.5644782,1.4424027,1.3301289,1.2245381,1.1207293,1.0200393,0.92380466,0.83291634,0.7460378,0.66450563,0.5892109,0.51792595,0.45154183,0.38738537,0.32812975,0.27733922,0.23234059,0.19268834,0.15838245,0.12541316,0.092889399,0.064820948,0.043880993,0.030515064,0.018485727,0.0042287363,-0.0086916619,-0.013146972,-0.0051274141,0.018931258,0.064820948,0.14100674,0.2555082,0.42926528,0.71217745,1.1568174,1.6945732,1.899963,1.445967,0.80440236,0.36199011,0.13566037,0.044326524,0.032297187,0.076850285,0.16640201,0.27867581,0.35664373,0.32278338,0.16952073,-0.013146972,-0.15215263,-0.23635799,-0.28358427,-0.31031613,-0.32680078,-0.34239436,-0.35843347,-0.37402706,-0.3918483,-0.41501591,-0.44130223,-0.46536091,-0.48318215,-0.49476595,-0.50323104,-0.51347825,-0.52728971,-0.54243776,-0.55313051,-0.55892241,-0.5615956,-0.56293219,-0.56337772,-0.56248666,-0.55936794,-0.5544671,-0.54689307,-0.53931905,-0.53219055,-0.52595312,-0.52149781,-0.51615144,-0.51169613,-0.50679529,-0.50100338,-0.49565701,-0.49075617,-0.48719192,-0.48318215,-0.47694471,-0.46892515,-0.45734135,-0.44263883,-0.42303546,-0.40075892,-0.38382874,-0.38293768,-0.39719467,-0.41189719,-0.42169887,-0.42749077,-0.42882737,-0.42615418,-0.41947122,-0.40966954,-0.39897679,-0.39006617,-0.38293768,-0.37714577,-0.37358153,-0.37402706,-0.37981896,-0.3918483,-0.40788741,-0.42125334,-0.43328268,-0.44308436,-0.44664861,-0.44575754,-0.43907458,-0.41813462,-0.37447259,-0.32501865,-0.29338595,-0.27690131,-0.28269321,-0.29650467,-0.30318763,-0.30006892,-0.28893064,-0.27734684,-0.26843622,-0.2653175,-0.27422812,-0.28893064,-0.30897954,-0.33348374,-0.35576029,-0.37625471,-0.37670024,-0.35486923,-0.31833569,-0.30229657,-0.35843347,-0.41947122,-0.46803409,-0.49788467,-0.51570591,-0.52372546,-0.51971569,-0.51882462,-0.53040843,-0.54600201,-0.55223945,-0.55090285,-0.54110117,-0.52818077,-0.51481484,-0.49432042,-0.47516259,-0.45778688,-0.43907458,-0.41679803,-0.39006617,-0.358879,-0.32011781,-0.28536639,-0.24214989,-0.18957724,-0.12408418,-0.048343918,0.011357232,0.10358214,0.19090621,0.31164511,0.42837422,0.56292457,0.71217745,0.88103369,1.0699388,1.2802294,1.5056681,1.7582842,2.0042173,2.2501504,2.5188055,2.7313238,2.950525,3.0779469,3.1389846,3.1906662,3.1599246,2.9955237,2.8418155,2.6359802,2.5205877,2.3089604,2.0830762,1.8380342,1.5818539,1.3417127,1.1087,0.81420404,0.60525002,0.41010745,0.18689643,-0.036760113,-0.21051719,-0.37848237,-0.51793356,-0.67030515,-0.8133206,-0.912674,-1.0142551,-1.1060344,-1.2134074,-1.2904843,-1.3688977,-1.4330542,-1.5012204,-1.5537931,-1.6010194,-1.646018,-1.6843336,-1.7186395,-1.7556186,-1.7823505,-1.8081913,-1.8309133,-1.8496256,-1.8701201,-1.8874958,0
1.6584203,1.5238139,1.4030706,1.29306,1.1897574,1.0909267,0.99477929,0.90220942,0.81187553,0.72377763,0.64238769,0.56904731,0.5006261,0.43578246,0.37406921,0.31772233,0.26853061,0.22515246,0.18758787,0.15404806,0.12319144,0.093676402,0.068186147,0.050745446,0.040459904,0.03062156,0.018547228,0.0082616865,0.007814489,0.02167761,0.052534236,0.11022271,0.20502857,0.34589577,0.55697298,0.89371267,1.4129089,2.0224391,2.2424602,1.7205808,0.98851853,0.47826622,0.21352532,0.10485634,0.091440415,0.1464457,0.2528787,0.38435475,0.47379425,0.43041609,0.24930112,0.037776719,-0.12187278,-0.22159781,-0.2766031,-0.30567093,-0.32355883,-0.34099953,-0.35978183,-0.37901132,-0.4004768,-0.42686145,-0.45458769,-0.47963075,-0.49751865,-0.50690979,-0.51406495,-0.5225617,-0.53508323,-0.54939355,-0.5592319,-0.56459827,-0.56772865,-0.56951744,-0.57041183,-0.57041183,-0.56862304,-0.56459827,-0.5583375,-0.55162954,-0.54447438,-0.53776642,-0.53240005,-0.52748088,-0.52211451,-0.51674814,-0.51093457,-0.5060154,-0.50199062,-0.49796584,-0.49349387,-0.4876803,-0.47918355,-0.46532043,-0.44653814,-0.42194227,-0.39511043,-0.37543374,-0.37498654,-0.39198004,-0.41031514,-0.42149508,-0.42596705,-0.42507266,-0.41881189,-0.40897355,-0.39734641,-0.38482489,-0.37453934,-0.36559539,-0.35844023,-0.35486266,-0.35665145,-0.3638066,-0.37945852,-0.39824081,-0.41433992,-0.42999183,-0.44161896,-0.44653814,-0.44519654,-0.4353582,-0.40942075,-0.35799304,-0.29941017,-0.26050399,-0.2412745,-0.24798246,-0.26229278,-0.27123673,-0.26542316,-0.25200724,-0.23859131,-0.22875297,-0.22562259,-0.23769692,-0.25424323,-0.27749749,-0.30880132,-0.33965794,-0.36738418,-0.36917297,-0.34502431,-0.30119896,-0.28196947,-0.34904909,-0.41568151,-0.47158119,-0.50690979,-0.52971686,-0.53866081,-0.53374164,-0.53418884,-0.54984075,-0.56996464,-0.57980298,-0.58203897,-0.57309502,-0.56728145,-0.55520712,-0.53687202,-0.52032572,-0.50377941,-0.48499712,-0.46353164,-0.43804138,-0.40942075,-0.37006737,-0.33294998,-0.29001902,-0.23903851,-0.17687806,-0.099512903,-0.042718825,0.047167866,0.1298994,0.24930112,0.36288928,0.49212934,0.63791572,0.80248438,0.98717694,1.193335,1.4160393,1.6700475,1.9169005,2.1642007,2.4410159,2.6561179,2.8877662,3.0201366,3.0738003,3.1440103,3.1283584,2.9512682,2.7938547,2.595299,2.4982572,2.2907575,2.0626868,1.8131507,1.5555649,1.3189975,1.084666,0.78638528,0.58246323,0.39016832,0.16567519,-0.060159526,-0.22964736,-0.39689922,-0.53284725,-0.68757757,-0.83023356,-0.92682821,-1.0274476,-1.1200175,-1.2291337,-1.3047101,-1.383864,-1.4478133,-1.5162345,-1.5658734,-1.6123819,-1.6566545,-1.6937719,-1.7286533,-1.7662179,-1.7917081,-1.8176456,-1.839111,-1.8583405,-1.8789116,-1.8950107,0
1.6804345,1.5464301,1.4254228,1.3120345,1.2067134,1.1072185,1.0108609,0.91764043,0.82755724,0.74016309,0.65814705,0.58240546,0.51204197,0.44616023,0.38341571,0.32515295,0.27361281,0.22834713,0.18980407,0.15574276,0.12347416,0.092550073,0.065659567,0.047732563,0.036976361,0.026220159,0.011878555,-0.00022217227,-0.0029112229,0.0087413297,0.036976361,0.088964673,0.17546247,0.30543325,0.50128576,0.81545651,1.3048637,1.8874913,2.1044081,1.6109673,0.91271051,0.42957775,0.18218509,0.081345696,0.070141318,0.1225778,0.22252085,0.34442448,0.42778505,0.38744929,0.2162464,0.014567606,-0.13736375,-0.23058417,-0.28167613,-0.30901482,-0.32604547,-0.34217977,-0.36055495,-0.37893013,-0.39864984,-0.42285129,-0.44884545,-0.4730469,-0.49052573,-0.49993741,-0.50621186,-0.51472719,-0.52682791,-0.54072134,-0.55147754,-0.55730382,-0.55999287,-0.5613374,-0.56268192,-0.5631301,-0.56044105,-0.55551112,-0.54878849,-0.54072134,-0.53310237,-0.52727609,-0.52279434,-0.51786441,-0.51248631,-0.50755638,-0.50217828,-0.49680018,-0.49231843,-0.48873303,-0.48469945,-0.478425,-0.46990968,-0.4569126,-0.43943377,-0.41702501,-0.39192721,-0.37355203,-0.37310386,-0.38834181,-0.40537246,-0.41657684,-0.42150677,-0.42195494,-0.41792137,-0.41075056,-0.40044254,-0.38878998,-0.37848196,-0.36951845,-0.363244,-0.35921043,-0.36010678,-0.3668294,-0.38072283,-0.39820166,-0.41343961,-0.42867757,-0.43943377,-0.4443637,-0.44346735,-0.43495202,-0.41119874,-0.36279583,-0.30811847,-0.27271263,-0.2552338,-0.26195643,-0.27674621,-0.28526154,-0.28167613,-0.27002358,-0.25747468,-0.24851118,-0.24582213,-0.2552338,-0.27047176,-0.29153599,-0.32021919,-0.34666152,-0.36996663,-0.37086298,-0.3471097,-0.30677394,-0.28974329,-0.35338415,-0.41881772,-0.47259873,-0.50576368,-0.52682791,-0.53534324,-0.53086149,-0.53175784,-0.54565127,-0.5649228,-0.57254177,-0.57343812,-0.5649228,-0.55461477,-0.54251404,-0.52324251,-0.50621186,-0.49007756,-0.47170238,-0.45063815,-0.42464399,-0.39371991,-0.35472868,-0.32111554,-0.27764256,-0.22520607,-0.16201338,-0.085823616,-0.028009028,0.063418692,0.14812379,0.26913106,0.38520841,0.51742007,0.66576603,0.83383169,1.0225134,1.2327075,1.4585878,1.7118067,1.958303,2.2025584,2.472808,2.6865875,2.9133641,3.0415422,3.0962196,3.1607568,3.1405889,2.9631116,2.8049058,2.6063642,2.5037321,2.2957789,2.0690023,1.8202651,1.5630126,1.3236871,1.0910842,0.7957368,0.59002443,0.39775732,0.17366977,-0.051762309,-0.22162067,-0.38878998,-0.52637974,-0.6801038,-0.82351983,-0.92167018,-1.0225096,-1.1143855,-1.2237402,-1.3008263,-1.3814978,-1.4464832,-1.5155022,-1.5665941,-1.6136525,-1.6589182,-1.6970131,-1.7315226,-1.7691693,-1.7956116,-1.8211576,-1.8431182,-1.8619415,-1.8821094,-1.8986919,0
1.6666459,1.5301989,1.4080676,1.2957784,1.1897524,1.0899895,0.99246338,0.89896361,0.80904278,0.72091142,0.63859583,0.56433285,0.49633302,0.43146476,0.3706228,0.31425452,0.26593885,0.22343895,0.18586009,0.15320228,0.1227813,0.09280769,0.066860385,0.048518325,0.037781509,0.028386795,0.016755245,0.0069131635,0.0078078981,0.023465755,0.056570937,0.11472869,0.20822846,0.34646496,0.55493814,0.89001627,1.4120939,2.0281187,2.2500129,1.7252511,0.98933181,0.47620149,0.21136003,0.10264977,0.088334017,0.14157073,0.24849152,0.38091225,0.47306992,0.43191212,0.25072836,0.037334142,-0.12327073,-0.22213891,-0.27850719,-0.31071764,-0.33084917,-0.34874386,-0.36932276,-0.39079639,-0.41271739,-0.43776996,-0.46371726,-0.48608563,-0.50174349,-0.5124803,-0.52008555,-0.52858553,-0.54290128,-0.5590065,-0.57063806,-0.57734857,-0.58182224,-0.58405907,-0.58450644,-0.58405907,-0.58137487,-0.57600646,-0.56795385,-0.55945387,-0.55229599,-0.54648022,-0.54111181,-0.53663814,-0.5317171,-0.52590132,-0.52008555,-0.5138224,-0.50755926,-0.50174349,-0.49458561,-0.48608563,-0.47445408,-0.45834886,-0.43776996,-0.41182265,-0.38363851,-0.36350698,-0.36305962,-0.37961221,-0.39840163,-0.41092792,-0.41629633,-0.41629633,-0.41182265,-0.40332267,-0.39169112,-0.37961221,-0.36887539,-0.35992804,-0.3536649,-0.35053333,-0.3523228,-0.35992804,-0.37513853,-0.39258586,-0.40779635,-0.42255947,-0.43284892,-0.43598049,-0.43374365,-0.42479631,-0.39974374,-0.34829649,-0.28879664,-0.25077042,-0.23287572,-0.24048097,-0.25703356,-0.26687564,-0.26284933,-0.25077042,-0.23779676,-0.22795468,-0.22527048,-0.23600729,-0.25300725,-0.27582299,-0.3057966,-0.33398074,-0.35903331,-0.36037541,-0.33621758,-0.29461241,-0.27761246,-0.34471756,-0.41495423,-0.47221724,-0.50711189,-0.52769079,-0.5357434,-0.52992763,-0.53082236,-0.54648022,-0.56661175,-0.5755591,-0.5782433,-0.57019069,-0.56034861,-0.54737495,-0.52948026,-0.51292767,-0.49726981,-0.47982249,-0.45834886,-0.43329629,-0.40421741,-0.36663855,-0.33129654,-0.28879664,-0.23824413,-0.17606007,-0.10269183,-0.044981446,0.044939386,0.12904444,0.24714942,0.36122809,0.49230671,0.6390432,0.80456911,0.99112128,1.1973576,1.4192518,1.6697775,1.9118032,2.15875,2.430302,2.6454857,2.8772219,3.0127742,3.0807741,3.1429581,3.1165635,2.9483533,2.8011695,2.6025384,2.4938281,2.2858023,2.0607766,1.816514,1.5606199,1.320831,1.0868579,0.79204282,0.58401701,0.3912017,0.1679654,-0.057507732,-0.23153362,-0.40063847,-0.53976971,-0.69276934,-0.83637425,-0.93524243,-1.0359001,-1.1267156,-1.2327417,-1.3087941,-1.3870834,-1.4501622,-1.5172673,-1.5678198,-1.6138987,-1.658188,-1.6957669,-1.7302142,-1.7673457,-1.793293,-1.8187929,-1.8402665,-1.8586086,-1.8787401,-1.8957401,1
1.6774267,1.5442091,1.4229812,1.3119666,1.2076129,1.1059235,1.0064545,0.9123141,0.82305837,0.73691105,0.65653649,0.58149062,0.51177346,0.44605283,0.38388466,0.32660113,0.27553442,0.23068452,0.19027521,0.15430648,0.12277834,0.092138314,0.063718579,0.041959719,0.027749852,0.016204335,0.0033266423,-0.0064426416,-0.008218875,0.002882584,0.029082027,0.076152213,0.15341837,0.27064977,0.44871718,0.73557887,1.185854,1.7293815,1.938977,1.4793766,0.82616678,0.37633566,0.14808967,0.056613645,0.045512186,0.092138314,0.18317028,0.29684922,0.37500349,0.33725853,0.17828564,-0.0086629334,-0.14898537,-0.23690893,-0.28664347,-0.31550726,-0.33504583,-0.35147599,-0.36923832,-0.38744471,-0.40653922,-0.42874214,-0.45272129,-0.47225986,-0.48558161,-0.49357466,-0.50112365,-0.51222511,-0.5273231,-0.54286514,-0.55485471,-0.56195965,-0.56595617,-0.56817646,-0.56950864,-0.56950864,-0.56773241,-0.56373588,-0.55796312,-0.55130225,-0.54464137,-0.53975673,-0.53531615,-0.53131962,-0.52643498,-0.52110628,-0.51622164,-0.51133699,-0.50689641,-0.50201177,-0.49757119,-0.49091031,-0.48202914,-0.47003957,-0.45272129,-0.43096243,-0.40742734,-0.389665,-0.38877689,-0.40209864,-0.41808474,-0.42829808,-0.43273867,-0.43273867,-0.42829808,-0.42074909,-0.41009169,-0.39899023,-0.38877689,-0.3812279,-0.37501108,-0.37145861,-0.37234673,-0.37767543,-0.39055312,-0.40653922,-0.42074909,-0.43318272,-0.44206389,-0.44561636,-0.44384012,-0.43584707,-0.41453227,-0.3705705,-0.31905973,-0.28531129,-0.26666084,-0.27065736,-0.28264694,-0.2884197,-0.28264694,-0.26976925,-0.2564475,-0.24756633,-0.2457901,-0.25733561,-0.27465389,-0.29685681,-0.32483248,-0.35058787,-0.37412296,-0.3758992,-0.35369628,-0.31461914,-0.29774492,-0.35591657,-0.41630851,-0.46604304,-0.49623901,-0.51355729,-0.5197741,-0.51533352,-0.51488946,-0.52687904,-0.54286514,-0.54819384,-0.54730572,-0.53753644,-0.52377063,-0.51178105,-0.49268654,-0.47359203,-0.45538564,-0.43540302,-0.41231198,-0.38522442,-0.35325222,-0.31195479,-0.27687418,-0.2329124,-0.17918134,-0.11212853,-0.033530201,0.02552956,0.11878182,0.20626131,0.32970954,0.44605283,0.57927033,0.72669771,0.89321959,1.0797241,1.2848791,1.5060201,1.756469,2.0011452,2.2453773,2.5140326,2.7231841,2.9465454,3.0739902,3.125501,3.1823404,3.1583613,2.981626,2.8257616,2.6268234,2.5215816,2.311542,2.08374,1.8332911,1.573517,1.3346136,1.101483,0.80396386,0.59570049,0.40075887,0.17562129,-0.051292536,-0.22491935,-0.39543776,-0.53442803,-0.68851628,-0.83283525,-0.93097214,-1.0313293,-1.1210291,-1.226715,-1.3017609,-1.379027,-1.4407511,-1.5064718,-1.5557623,-1.6010562,-1.6445739,-1.6818748,-1.7151792,-1.751592,-1.7773474,-1.8031028,-1.8253057,-1.8439561,-1.8643828,-1.881257,0
1.7171864,1.5805829,1.4561119,1.3428747,1.2368272,1.1343745,1.0368647,0.94250044,0.84858549,0.75871473,0.67513492,0.59784606,0.52684815,0.45944508,0.39563684,0.33811955,0.28689321,0.24285654,0.20421211,0.17006122,0.13860645,0.1089491,0.082437223,0.062665655,0.050533102,0.038400549,0.022223811,0.009641904,0.0087431964,0.022673165,0.053678579,0.10445556,0.1857886,0.31160767,0.49988692,0.79601109,1.2525546,1.7958234,2.0007287,1.5369955,0.88228703,0.43383191,0.20511082,0.11074651,0.095917838,0.13905581,0.22937592,0.3444105,0.4203513,0.37586527,0.209155,0.017730273,-0.12246812,-0.20784535,-0.25637556,-0.28648227,-0.30715254,-0.32737346,-0.34624632,-0.36377112,-0.3844414,-0.40960521,-0.43746515,-0.46173026,-0.47835635,-0.48824213,-0.49588115,-0.50576693,-0.52104496,-0.53812041,-0.55070231,-0.55834133,-0.56238551,-0.56463228,-0.56598034,-0.56598034,-0.56418293,-0.56103745,-0.55564521,-0.5489049,-0.54261394,-0.53677234,-0.53093075,-0.5255385,-0.52014625,-0.5138553,-0.50756435,-0.50172275,-0.49677985,-0.49318502,-0.48959019,-0.48419795,-0.47655893,-0.46532509,-0.4495977,-0.42847807,-0.40645974,-0.390283,-0.390283,-0.40556103,-0.42173777,-0.43252226,-0.43656644,-0.4370158,-0.43297161,-0.4253326,-0.41499746,-0.40331426,-0.39387783,-0.38713752,-0.38129592,-0.37770109,-0.37904915,-0.38489075,-0.39747266,-0.41320004,-0.4262313,-0.43926257,-0.44914835,-0.45274318,-0.45139512,-0.44420546,-0.42263647,-0.37815045,-0.32782282,-0.29546934,-0.2792926,-0.28558356,-0.29906417,-0.30535513,-0.29996288,-0.28783033,-0.27434971,-0.26446393,-0.26041974,-0.26850811,-0.28288743,-0.30310836,-0.33006959,-0.35568275,-0.37994786,-0.38174528,-0.36017629,-0.32153186,-0.30445642,-0.36242306,-0.42308583,-0.47386281,-0.50531758,-0.52508915,-0.53272816,-0.52868398,-0.52958268,-0.54216459,-0.55879068,-0.56553099,-0.56553099,-0.55654391,-0.54531007,-0.53317751,-0.51430465,-0.4963305,-0.47925506,-0.45903413,-0.43387032,-0.40241555,-0.36871401,-0.33321506,-0.30086159,-0.25862233,-0.2082947,-0.14493581,-0.068995015,-0.011927079,0.078842393,0.16466897,0.28419709,0.39833296,0.52954428,0.67558427,0.84004777,1.0242828,1.2287388,1.4516183,1.7028071,1.9468062,2.1939508,2.4644618,2.6761075,2.9030312,3.0324451,3.0877156,3.1533213,3.133999,2.965042,2.8077682,2.6118499,2.5080492,2.3022451,2.0771188,1.8295249,1.5747413,1.3361344,1.1024704,0.80814365,0.60189024,0.40597198,0.17949765,-0.04607797,-0.21862984,-0.38623881,-0.52643721,-0.68146428,-0.82480815,-0.92321663,-1.02522,-1.1182362,-1.2265305,-1.30337,-1.3829056,-1.4480619,-1.5172624,-1.5689381,-1.6161202,-1.6610556,-1.6997,-1.7343003,-1.772046,-1.7985579,-1.8246204,-1.8470881,-1.8664103,-1.8870806,-1.9037067,1
1.6883993,1.5517736,1.4294355,1.3182597,1.2128882,1.1106422,1.0124145,0.91909826,0.82890741,0.74094902,0.65745552,0.58110584,0.51011404,0.44358713,0.38197161,0.32437449,0.27213524,0.22703982,0.18953471,0.15470855,0.12256132,0.092646533,0.066303663,0.047997601,0.035049411,0.0229942,0.01004601,-0.0011162233,-0.0024556912,0.0095995203,0.038621326,0.090860576,0.17569355,0.30338949,0.49582638,0.8043505,1.2892379,1.869674,2.0862213,1.5982085,0.90704304,0.4284065,0.18283737,0.080144832,0.066303663,0.11720345,0.21677056,0.33866215,0.42304863,0.38599001,0.21855652,0.020315264,-0.13059812,-0.22436088,-0.27615364,-0.30517545,-0.32437449,-0.34089459,-0.35920065,-0.37839969,-0.40027767,-0.42572756,-0.45251692,-0.47573437,-0.49270096,-0.5034167,-0.51100702,-0.5203833,-0.53377798,-0.54895861,-0.56146031,-0.56771116,-0.5703901,-0.57262255,-0.57396201,-0.57306904,-0.56949712,-0.56458574,-0.5578884,-0.54985159,-0.54315425,-0.53779638,-0.53333149,-0.5284201,-0.52395521,-0.51949032,-0.51413245,-0.50922106,-0.50430968,-0.50118426,-0.49671936,-0.48957553,-0.48019926,-0.46769756,-0.44894501,-0.42617405,-0.40072416,-0.38152512,-0.38152512,-0.39670576,-0.41322586,-0.4239416,-0.42885299,-0.42929948,-0.42483458,-0.41635129,-0.40608203,-0.39536629,-0.38554352,-0.37795321,-0.37259533,-0.36946991,-0.37080938,-0.37706023,-0.39179437,-0.40965395,-0.42349512,-0.4368898,-0.44715905,-0.45073096,-0.4493915,-0.4409082,-0.41813724,-0.37036289,-0.31455172,-0.27883258,-0.26052652,-0.26633088,-0.28061853,-0.28910183,-0.28463694,-0.27213524,-0.25829407,-0.24757833,-0.2444529,-0.25516864,-0.27034928,-0.29088779,-0.31767715,-0.34357353,-0.36857693,-0.36857693,-0.34446651,-0.30383598,-0.28552992,-0.35205683,-0.41456533,-0.46725107,-0.4993983,-0.5203833,-0.52931308,-0.52306223,-0.52306223,-0.53779638,-0.55565595,-0.56369276,-0.56503223,-0.55476297,-0.54627968,-0.53243851,-0.51145351,-0.49359394,-0.47528788,-0.45474937,-0.43063894,-0.40295661,-0.37304182,-0.33509023,-0.29981758,-0.25740109,-0.20560833,-0.14354631,-0.067643131,-0.010938988,0.080144832,0.16319184,0.28463694,0.3989382,0.52975957,0.6748686,0.84006965,1.0262557,1.2329802,1.4571179,1.7084914,1.9491491,2.1920393,2.4639513,2.6769267,2.9113336,3.0439409,3.0975196,3.1613676,3.1488659,2.9698237,2.8077481,2.6001305,2.5081537,2.3045546,2.0826494,1.8357408,1.5727586,1.3383517,1.1061773,0.79943912,0.59450052,0.41099341,0.1859628,-0.049783559,-0.22257492,-0.39224086,-0.52529468,-0.68647732,-0.8338188,-0.92758155,-1.0253627,-1.116,-1.2267294,-1.3012931,-1.3798752,-1.4428302,-1.5124826,-1.5611499,-1.6062453,-1.6508942,-1.6879529,-1.721886,-1.7607306,-1.786627,-1.8116304,-1.8344014,-1.8531539,-1.8741389,-1.891552,1
1.6827691,1.5500058,1.4291912,1.3163424,1.2114594,1.1114444,1.0145272,0.9198227,0.8299862,0.74457515,0.6622619,0.58658682,0.51710737,0.45205335,0.39053969,0.33256638,0.28123124,0.23741935,0.198918,0.16439954,0.13297889,0.10200079,0.0741205,0.05464855,0.042257309,0.030308612,0.01570465,0.0033134088,0.00065814284,0.010394118,0.035619144,0.083413931,0.16218682,0.28123124,0.46223187,0.75254095,1.2057063,1.7526911,1.9642273,1.5044237,0.84680289,0.39452259,0.163957,0.068367424,0.055533639,0.10155825,0.19405001,0.3077839,0.38522916,0.34717035,0.18829694,0.0011006872,-0.14007095,-0.22636709,-0.27504697,-0.30292726,-0.32151412,-0.33833081,-0.35559004,-0.37373435,-0.39497648,-0.42064405,-0.44631162,-0.46799629,-0.48392789,-0.49410641,-0.50162966,-0.51136564,-0.5259696,-0.54145865,-0.55207971,-0.55871788,-0.56270078,-0.56447096,-0.56579859,-0.56579859,-0.56358587,-0.55916042,-0.55340735,-0.54676918,-0.54057356,-0.53570557,-0.53128013,-0.52729723,-0.52287179,-0.51844635,-0.51357836,-0.50915292,-0.50472747,-0.50030203,-0.49587659,-0.49012351,-0.48127262,-0.46888138,-0.45250724,-0.43170766,-0.40869535,-0.39187867,-0.39143613,-0.40559754,-0.4210866,-0.43126511,-0.43569056,-0.43524801,-0.43038003,-0.42241423,-0.41223571,-0.40161465,-0.39143613,-0.38347033,-0.37860234,-0.37594707,-0.37771725,-0.38391287,-0.39674666,-0.41223571,-0.42551204,-0.43790328,-0.44719671,-0.45073707,-0.44940943,-0.44232872,-0.42152914,-0.37771725,-0.32638211,-0.29274874,-0.27548951,-0.28080005,-0.29451892,-0.30204217,-0.29850182,-0.28743821,-0.27504697,-0.26531099,-0.26221318,-0.27194916,-0.28699567,-0.30646762,-0.33213519,-0.35647512,-0.37860234,-0.37948743,-0.35780276,-0.32018649,-0.30381235,-0.36134311,-0.42152914,-0.46976647,-0.50030203,-0.5180038,-0.52419942,-0.51888889,-0.51844635,-0.53083759,-0.54676918,-0.55340735,-0.55340735,-0.54411392,-0.53349285,-0.51977398,-0.49985948,-0.4830428,-0.46622612,-0.44675417,-0.42374186,-0.3971892,-0.36709619,-0.32682466,-0.29053602,-0.24628159,-0.19273373,-0.12944989,-0.053332264,0.006411219,0.098017894,0.18475658,0.30557118,0.42196034,0.55383854,0.70209089,0.86981519,1.0565689,1.2632371,1.4880496,1.7402999,1.9836992,2.2315241,2.5041314,2.7156676,2.9422502,3.0750135,3.1303316,3.1883049,3.163965,2.9913727,2.8302865,2.624946,2.5165226,2.3080842,2.0828292,1.8319065,1.5734607,1.3336016,1.0990531,0.80343354,0.5963228,0.40116075,0.17590569,-0.050234454,-0.22326928,-0.39099358,-0.53083759,-0.6857281,-0.82822737,-0.92602967,-1.0264872,-1.1167663,-1.2225344,-1.2973244,-1.373442,-1.4353982,-1.5008947,-1.5495746,-1.5951567,-1.638526,-1.6756997,-1.7097757,-1.7460643,-1.7721744,-1.7973994,-1.8190841,-1.837671,-1.858028,-1.8748447,1
